user_id,profile
1,"{""preferences"": {""newsletter"": true, ""categories"": [""Beauty"", ""Fashion""]}, ""devices"": [{""type"": ""web"", ""last_seen"": ""2026-07-07""}], ""marketing"": {""campaign"": ""refer-a-friend"", ""ab_bucket"": ""A""}, ""addresses"": [{""label"": ""home"", ""postcode"": ""76237""}]}"
2,"{""addresses"": [{""label"": ""home"", ""postcode"": ""65392""}]}"
3,"{""preferences"": {""newsletter"": true, ""categories"": [""Toys""]}}"
4,"{""preferences"": {""newsletter"": false, ""categories"": [""Toys"", ""Sports"", ""Fashion""]}, ""marketing"": {""campaign"": ""1111-early-access"", ""ab_bucket"": ""B""}}"
5,"{""devices"": [{""type"": ""ios"", ""last_seen"": ""2026-09-09""}, {""type"": ""android"", ""last_seen"": ""2026-09-25""}]}"
6,"{""preferences"": {""newsletter"": false, ""categories"": [""Beauty"", ""Toys"", ""Home & Living""]}, ""addresses"": [{""label"": ""office"", ""postcode"": ""62581""}]}"
7,"{""preferences"": {""newsletter"": false, ""categories"": [""Books"", ""Fashion""]}, ""devices"": [{""type"": ""web"", ""last_seen"": ""2026-07-15""}]}"
8,"{""preferences"": {""newsletter"": true, ""categories"": [""Fashion""]}, ""devices"": [{""type"": ""web"", ""last_seen"": ""2026-05-05""}]}"
9,"{""preferences"": {""newsletter"": false, ""categories"": [""Sports"", ""Groceries"", ""Toys""]}, ""devices"": [{""type"": ""android"", ""last_seen"": ""2025-12-20""}, {""type"": ""android"", ""last_seen"": ""2025-10-02""}]}"
10,"{""marketing"": {""campaign"": ""refer-a-friend"", ""ab_bucket"": ""A""}}"
11,"{""addresses"": [{""label"": ""home"", ""postcode"": ""84364""}]}"
12,"{""preferences"": {""newsletter"": true, ""categories"": [""Books"", ""Sports"", ""Fashion""]}, ""devices"": [{""type"": ""ios"", ""last_seen"": ""2026-07-04""}, {""type"": ""web"", ""last_seen"": ""2026-09-19""}], ""marketing"": {""campaign"": ""refer-a-friend"", ""ab_bucket"": ""B""}}"
13,"{""preferences"": {""newsletter"": true, ""categories"": [""Beauty"", ""Sports"", ""Fashion""]}, ""devices"": [{""type"": ""ios"", ""last_seen"": ""2025-11-04""}]}"
14,"{""addresses"": [{""label"": ""office"", ""postcode"": ""22363""}, {""label"": ""home"", ""postcode"": ""22704""}]}"
15,"{""preferences"": {""newsletter"": false, ""categories"": [""Fashion"", ""Electronics"", ""Beauty""]}, ""addresses"": [{""label"": ""home"", ""postcode"": ""80292""}]}"
16,"{""preferences"": {""newsletter"": false, ""categories"": [""Fashion"", ""Electronics"", ""Toys""]}}"
17,"{""devices"": [{""type"": ""android"", ""last_seen"": ""2026-02-13""}]}"
18,"{""preferences"": {""newsletter"": true, ""categories"": [""Sports""]}, ""devices"": [{""type"": ""web"", ""last_seen"": ""2026-07-05""}], ""marketing"": {""campaign"": ""refer-a-friend"", ""ab_bucket"": ""A""}, ""addresses"": [{""label"": ""parents"", ""postcode"": ""17455""}, {""label"": ""home"", ""postcode"": ""76562""}]}"
19,"{""preferences"": {""newsletter"": false, ""categories"": [""Beauty"", ""Sports"", ""Groceries""]}, ""devices"": [{""type"": ""android"", ""last_seen"": ""2026-09-02""}]}"
20,"{""preferences"": {""newsletter"": true, ""categories"": [""Fashion"", ""Electronics""]}}"
21,"{""addresses"": [{""label"": ""parents"", ""postcode"": ""97538""}, {""label"": ""home"", ""postcode"": ""82692""}]}"
22,"{""devices"": [{""type"": ""web"", ""last_seen"": ""2026-01-16""}, {""type"": ""web"", ""last_seen"": ""2026-03-25""}], ""marketing"": {""campaign"": ""app-install"", ""ab_bucket"": ""B""}}"
23,"{""preferences"": {""newsletter"": true, ""categories"": [""Home & Living"", ""Toys""]}}"
24,"{""marketing"": {""campaign"": ""1111-early-access"", ""ab_bucket"": ""A""}, ""addresses"": [{""label"": ""office"", ""postcode"": ""37535""}]}"
25,"{""addresses"": [{""label"": ""home"", ""postcode"": ""64040""}]}"
26,"{""addresses"": [{""label"": ""office"", ""postcode"": ""15075""}]}"
27,"{""devices"": [{""type"": ""android"", ""last_seen"": ""2026-03-18""}], ""addresses"": [{""label"": ""office"", ""postcode"": ""99065""}, {""label"": ""parents"", ""postcode"": ""80282""}]}"
28,"{""preferences"": {""newsletter"": false, ""categories"": [""Toys"", ""Beauty""]}}"
29,"{""preferences"": {""newsletter"": false, ""categories"": [""Beauty"", ""Home & Living"", ""Books""]}, ""devices"": [{""type"": ""web"", ""last_seen"": ""2026-03-10""}, {""type"": ""web"", ""last_seen"": ""2025-12-03""}], ""addresses"": [{""label"": ""parents"", ""postcode"": ""52753""}, {""label"": ""office"", ""postcode"": ""62743""}]}"
30,"{""preferences"": {""newsletter"": false, ""categories"": [""Sports"", ""Beauty"", ""Books""]}, ""addresses"": [{""label"": ""office"", ""postcode"": ""67954""}, {""label"": ""parents"", ""postcode"": ""98555""}]}"
31,"{""preferences"": {""newsletter"": true, ""categories"": [""Toys"", ""Electronics"", ""Fashion""]}, ""marketing"": {""campaign"": ""1111-early-access"", ""ab_bucket"": ""A""}, ""addresses"": [{""label"": ""office"", ""postcode"": ""90120""}]}"
32,"{""preferences"": {""newsletter"": true, ""categories"": [""Home & Living""]}, ""marketing"": {""campaign"": ""1111-early-access"", ""ab_bucket"": ""B""}, ""addresses"": [{""label"": ""home"", ""postcode"": ""25906""}, {""label"": ""parents"", ""postcode"": ""69829""}]}"
33,"{""preferences"": {""newsletter"": false, ""categories"": [""Groceries"", ""Books"", ""Sports""]}, ""marketing"": {""campaign"": ""refer-a-friend"", ""ab_bucket"": ""B""}, ""addresses"": [{""label"": ""parents"", ""postcode"": ""46347""}]}"
34,"{""preferences"": {""newsletter"": true, ""categories"": [""Fashion"", ""Books"", ""Groceries""]}, ""devices"": [{""type"": ""web"", ""last_seen"": ""2026-01-18""}], ""marketing"": {""campaign"": ""refer-a-friend"", ""ab_bucket"": ""B""}}"
35,"{""preferences"": {""newsletter"": false, ""categories"": [""Groceries"", ""Beauty"", ""Electronics""]}}"
36,"{""preferences"": {""newsletter"": true, ""categories"": [""Electronics"", ""Beauty""]}, ""devices"": [{""type"": ""web"", ""last_seen"": ""2025-12-24""}, {""type"": ""android"", ""last_seen"": ""2025-12-05""}]}"
37,"{""devices"": [{""type"": ""android"", ""last_seen"": ""2026-03-17""}, {""type"": ""ios"", ""last_seen"": ""2026-05-21""}]}"
38,"{""preferences"": {""newsletter"": false, ""categories"": [""Toys""]}, ""devices"": [{""type"": ""web"", ""last_seen"": ""2025-10-21""}]}"
39,"{""preferences"": {""newsletter"": true, ""categories"": [""Sports"", ""Groceries"", ""Home & Living""]}, ""devices"": [{""type"": ""ios"", ""last_seen"": ""2026-03-09""}], ""marketing"": {""campaign"": ""1111-early-access"", ""ab_bucket"": ""B""}}"
40,"{""preferences"": {""newsletter"": false, ""categories"": [""Fashion"", ""Groceries"", ""Sports""]}}"
41,"{""devices"": [{""type"": ""web"", ""last_seen"": ""2026-05-24""}, {""type"": ""web"", ""last_seen"": ""2025-12-18""}]}"
42,"{""preferences"": {""newsletter"": false, ""categories"": [""Sports"", ""Home & Living"", ""Fashion""]}, ""marketing"": {""campaign"": ""refer-a-friend"", ""ab_bucket"": ""A""}}"
43,"{""preferences"": {""newsletter"": true, ""categories"": [""Toys"", ""Home & Living""]}, ""addresses"": [{""label"": ""parents"", ""postcode"": ""35042""}]}"
44,"{""preferences"": {""newsletter"": false, ""categories"": [""Books"", ""Groceries""]}, ""devices"": [{""type"": ""ios"", ""last_seen"": ""2026-04-26""}, {""type"": ""web"", ""last_seen"": ""2026-02-02""}]}"
45,"{""preferences"": {""newsletter"": false, ""categories"": [""Sports"", ""Home & Living""]}, ""devices"": [{""type"": ""android"", ""last_seen"": ""2025-12-01""}]}"
46,"{""addresses"": [{""label"": ""office"", ""postcode"": ""39816""}]}"
47,"{""addresses"": [{""label"": ""home"", ""postcode"": ""85243""}, {""label"": ""parents"", ""postcode"": ""47268""}]}"
48,"{""preferences"": {""newsletter"": true, ""categories"": [""Fashion"", ""Sports""]}, ""marketing"": {""campaign"": ""1111-early-access"", ""ab_bucket"": ""B""}, ""addresses"": [{""label"": ""home"", ""postcode"": ""83147""}]}"
49,"{""preferences"": {""newsletter"": false, ""categories"": [""Groceries"", ""Home & Living""]}, ""marketing"": {""campaign"": ""app-install"", ""ab_bucket"": ""A""}}"
50,"{""preferences"": {""newsletter"": true, ""categories"": [""Books"", ""Toys""]}, ""addresses"": [{""label"": ""parents"", ""postcode"": ""19329""}, {""label"": ""office"", ""postcode"": ""40595""}]}"
51,"{""preferences"": {""newsletter"": false, ""categories"": [""Home & Living"", ""Electronics""]}, ""devices"": [{""type"": ""web"", ""last_seen"": ""2026-07-19""}, {""type"": ""android"", ""last_seen"": ""2026-05-13""}], ""marketing"": {""campaign"": ""app-install"", ""ab_bucket"": ""B""}}"
52,"{""marketing"": {""campaign"": ""1111-early-access"", ""ab_bucket"": ""A""}}"
53,"{""preferences"": {""newsletter"": false, ""categories"": [""Groceries""]}, ""addresses"": [{""label"": ""office"", ""postcode"": ""52081""}, {""label"": ""parents"", ""postcode"": ""97835""}]}"
54,"{""addresses"": [{""label"": ""home"", ""postcode"": ""77449""}, {""label"": ""office"", ""postcode"": ""10150""}]}"
55,"{""addresses"": [{""label"": ""office"", ""postcode"": ""67424""}]}"
56,"{""devices"": [{""type"": ""web"", ""last_seen"": ""2026-04-27""}], ""marketing"": {""campaign"": ""1111-early-access"", ""ab_bucket"": ""B""}}"
57,"{""preferences"": {""newsletter"": true, ""categories"": [""Beauty"", ""Books""]}}"
58,"{""devices"": [{""type"": ""ios"", ""last_seen"": ""2026-02-22""}, {""type"": ""web"", ""last_seen"": ""2026-03-02""}]}"
59,"{""preferences"": {""newsletter"": false, ""categories"": [""Toys"", ""Groceries""]}, ""devices"": [{""type"": ""web"", ""last_seen"": ""2026-04-15""}], ""marketing"": {""campaign"": ""refer-a-friend"", ""ab_bucket"": ""A""}, ""addresses"": [{""label"": ""parents"", ""postcode"": ""60604""}, {""label"": ""office"", ""postcode"": ""96991""}]}"
60,"{""preferences"": {""newsletter"": true, ""categories"": [""Fashion"", ""Sports""]}, ""marketing"": {""campaign"": ""1111-early-access"", ""ab_bucket"": ""B""}}"
61,"{""preferences"": {""newsletter"": true, ""categories"": [""Groceries"", ""Home & Living""]}}"
62,"{""addresses"": [{""label"": ""office"", ""postcode"": ""31805""}]}"
63,"{""preferences"": {""newsletter"": true, ""categories"": [""Beauty""]}}"
64,"{""preferences"": {""newsletter"": false, ""categories"": [""Books""]}}"
65,"{""devices"": [{""type"": ""web"", ""last_seen"": ""2026-02-06""}, {""type"": ""android"", ""last_seen"": ""2026-03-04""}], ""marketing"": {""campaign"": ""refer-a-friend"", ""ab_bucket"": ""B""}, ""addresses"": [{""label"": ""parents"", ""postcode"": ""85341""}, {""label"": ""office"", ""postcode"": ""48780""}]}"
66,"{""preferences"": {""newsletter"": false, ""categories"": [""Electronics"", ""Sports"", ""Toys""]}, ""addresses"": [{""label"": ""parents"", ""postcode"": ""56179""}]}"
67,"{""marketing"": {""campaign"": ""1111-early-access"", ""ab_bucket"": ""A""}, ""addresses"": [{""label"": ""home"", ""postcode"": ""27224""}, {""label"": ""office"", ""postcode"": ""21813""}]}"
68,"{""preferences"": {""newsletter"": false, ""categories"": [""Sports""]}}"
69,"{""preferences"": {""newsletter"": false, ""categories"": [""Groceries"", ""Books"", ""Sports""]}, ""devices"": [{""type"": ""ios"", ""last_seen"": ""2026-02-13""}, {""type"": ""web"", ""last_seen"": ""2025-12-03""}]}"
70,"{""preferences"": {""newsletter"": true, ""categories"": [""Toys""]}, ""marketing"": {""campaign"": ""1111-early-access"", ""ab_bucket"": ""B""}}"
71,"{""preferences"": {""newsletter"": true, ""categories"": [""Beauty""]}, ""marketing"": {""campaign"": ""refer-a-friend"", ""ab_bucket"": ""B""}}"
72,"{""preferences"": {""newsletter"": true, ""categories"": [""Books""]}, ""addresses"": [{""label"": ""home"", ""postcode"": ""68287""}, {""label"": ""office"", ""postcode"": ""40947""}]}"
73,"{""preferences"": {""newsletter"": true, ""categories"": [""Beauty"", ""Electronics""]}, ""addresses"": [{""label"": ""parents"", ""postcode"": ""93819""}]}"
74,"{""devices"": [{""type"": ""web"", ""last_seen"": ""2026-01-19""}], ""addresses"": [{""label"": ""parents"", ""postcode"": ""10371""}]}"
75,"{""preferences"": {""newsletter"": false, ""categories"": [""Electronics""]}, ""devices"": [{""type"": ""web"", ""last_seen"": ""2026-03-15""}], ""marketing"": {""campaign"": ""refer-a-friend"", ""ab_bucket"": ""A""}, ""addresses"": [{""label"": ""parents"", ""postcode"": ""18330""}, {""label"": ""home"", ""postcode"": ""72422""}]}"
76,"{""addresses"": [{""label"": ""home"", ""postcode"": ""72781""}]}"
77,"{""preferences"": {""newsletter"": true, ""categories"": [""Home & Living"", ""Electronics"", ""Fashion""]}, ""devices"": [{""type"": ""android"", ""last_seen"": ""2026-08-02""}, {""type"": ""web"", ""last_seen"": ""2026-02-28""}]}"
78,"{""preferences"": {""newsletter"": false, ""categories"": [""Books"", ""Fashion""]}}"
79,"{""preferences"": {""newsletter"": true, ""categories"": [""Fashion""]}, ""devices"": [{""type"": ""web"", ""last_seen"": ""2026-04-09""}]}"
80,{}
81,"{""devices"": [{""type"": ""ios"", ""last_seen"": ""2026-02-20""}, {""type"": ""web"", ""last_seen"": ""2026-01-24""}]}"
82,"{""preferences"": {""newsletter"": true, ""categories"": [""Toys"", ""Home & Living""]}, ""devices"": [{""type"": ""web"", ""last_seen"": ""2026-09-02""}], ""addresses"": [{""label"": ""home"", ""postcode"": ""79531""}]}"
83,"{""marketing"": {""campaign"": ""1111-early-access"", ""ab_bucket"": ""A""}, ""addresses"": [{""label"": ""parents"", ""postcode"": ""20693""}]}"
84,"{""preferences"": {""newsletter"": false, ""categories"": [""Groceries"", ""Electronics""]}, ""devices"": [{""type"": ""web"", ""last_seen"": ""2026-09-07""}, {""type"": ""android"", ""last_seen"": ""2025-10-24""}], ""marketing"": {""campaign"": ""app-install"", ""ab_bucket"": ""A""}, ""addresses"": [{""label"": ""home"", ""postcode"": ""43491""}, {""label"": ""parents"", ""postcode"": ""47938""}]}"
85,"{""preferences"": {""newsletter"": true, ""categories"": [""Toys"", ""Electronics"", ""Beauty""]}, ""marketing"": {""campaign"": ""1111-early-access"", ""ab_bucket"": ""B""}}"
86,"{""preferences"": {""newsletter"": true, ""categories"": [""Home & Living"", ""Groceries""]}}"
87,"{""preferences"": {""newsletter"": true, ""categories"": [""Toys"", ""Fashion""]}, ""devices"": [{""type"": ""ios"", ""last_seen"": ""2026-06-19""}]}"
88,"{""preferences"": {""newsletter"": true, ""categories"": [""Home & Living""]}}"
89,"{""preferences"": {""newsletter"": false, ""categories"": [""Toys"", ""Groceries"", ""Books""]}, ""devices"": [{""type"": ""ios"", ""last_seen"": ""2026-05-29""}, {""type"": ""android"", ""last_seen"": ""2026-08-20""}], ""addresses"": [{""label"": ""office"", ""postcode"": ""76497""}]}"
90,"{""preferences"": {""newsletter"": false, ""categories"": [""Groceries""]}}"
91,"{""preferences"": {""newsletter"": true, ""categories"": [""Books""]}, ""devices"": [{""type"": ""web"", ""last_seen"": ""2025-11-13""}, {""type"": ""web"", ""last_seen"": ""2026-08-27""}], ""marketing"": {""campaign"": ""1111-early-access"", ""ab_bucket"": ""B""}}"
92,"{""preferences"": {""newsletter"": false, ""categories"": [""Electronics"", ""Groceries"", ""Toys""]}, ""marketing"": {""campaign"": ""1111-early-access"", ""ab_bucket"": ""B""}, ""addresses"": [{""label"": ""office"", ""postcode"": ""20682""}]}"
93,"{""preferences"": {""newsletter"": true, ""categories"": [""Fashion"", ""Home & Living"", ""Sports""]}, ""devices"": [{""type"": ""ios"", ""last_seen"": ""2026-09-09""}, {""type"": ""web"", ""last_seen"": ""2026-09-16""}], ""addresses"": [{""label"": ""parents"", ""postcode"": ""12389""}, {""label"": ""office"", ""postcode"": ""57526""}]}"
94,"{""preferences"": {""newsletter"": false, ""categories"": [""Fashion""]}, ""devices"": [{""type"": ""web"", ""last_seen"": ""2026-07-04""}]}"
95,"{""preferences"": {""newsletter"": true, ""categories"": [""Home & Living"", ""Toys"", ""Beauty""]}, ""devices"": [{""type"": ""web"", ""last_seen"": ""2026-01-30""}, {""type"": ""android"", ""last_seen"": ""2026-08-09""}]}"
96,"{""preferences"": {""newsletter"": false, ""categories"": [""Books"", ""Beauty""]}}"
97,"{""preferences"": {""newsletter"": true, ""categories"": [""Fashion"", ""Toys""]}, ""addresses"": [{""label"": ""office"", ""postcode"": ""68893""}]}"
98,{}
99,"{""preferences"": {""newsletter"": false, ""categories"": [""Toys"", ""Groceries"", ""Fashion""]}, ""devices"": [{""type"": ""android"", ""last_seen"": ""2026-09-22""}, {""type"": ""ios"", ""last_seen"": ""2026-09-27""}]}"
100,"{""preferences"": {""newsletter"": true, ""categories"": [""Beauty"", ""Home & Living""]}, ""devices"": [{""type"": ""android"", ""last_seen"": ""2026-08-24""}]}"
101,"{""devices"": [{""type"": ""web"", ""last_seen"": ""2026-03-30""}], ""marketing"": {""campaign"": ""refer-a-friend"", ""ab_bucket"": ""A""}}"
102,"{""marketing"": {""campaign"": ""refer-a-friend"", ""ab_bucket"": ""A""}}"
103,{}
104,"{""preferences"": {""newsletter"": false, ""categories"": [""Books"", ""Toys""]}, ""devices"": [{""type"": ""ios"", ""last_seen"": ""2026-05-23""}], ""marketing"": {""campaign"": ""1111-early-access"", ""ab_bucket"": ""A""}}"
105,"{""preferences"": {""newsletter"": true, ""categories"": [""Beauty"", ""Home & Living"", ""Groceries""]}, ""marketing"": {""campaign"": ""app-install"", ""ab_bucket"": ""B""}, ""addresses"": [{""label"": ""office"", ""postcode"": ""67637""}, {""label"": ""parents"", ""postcode"": ""60678""}]}"
106,"{""preferences"": {""newsletter"": false, ""categories"": [""Groceries"", ""Electronics"", ""Beauty""]}}"
107,"{""devices"": [{""type"": ""android"", ""last_seen"": ""2026-05-17""}, {""type"": ""ios"", ""last_seen"": ""2026-03-30""}]}"
108,"{""devices"": [{""type"": ""ios"", ""last_seen"": ""2026-08-08""}]}"
109,"{""preferences"": {""newsletter"": true, ""categories"": [""Toys"", ""Home & Living""]}, ""marketing"": {""campaign"": ""1111-early-access"", ""ab_bucket"": ""B""}}"
110,"{""preferences"": {""newsletter"": true, ""categories"": [""Fashion"", ""Home & Living"", ""Groceries""]}, ""marketing"": {""campaign"": ""app-install"", ""ab_bucket"": ""B""}}"
111,"{""preferences"": {""newsletter"": true, ""categories"": [""Toys"", ""Books"", ""Home & Living""]}, ""addresses"": [{""label"": ""home"", ""postcode"": ""57381""}, {""label"": ""parents"", ""postcode"": ""76683""}]}"
112,"{""preferences"": {""newsletter"": false, ""categories"": [""Books"", ""Groceries""]}, ""marketing"": {""campaign"": ""1111-early-access"", ""ab_bucket"": ""A""}, ""addresses"": [{""label"": ""parents"", ""postcode"": ""63665""}, {""label"": ""office"", ""postcode"": ""85353""}]}"
113,"{""preferences"": {""newsletter"": true, ""categories"": [""Home & Living"", ""Groceries"", ""Fashion""]}, ""addresses"": [{""label"": ""parents"", ""postcode"": ""30056""}]}"
114,{}
115,"{""preferences"": {""newsletter"": false, ""categories"": [""Home & Living"", ""Fashion"", ""Toys""]}, ""addresses"": [{""label"": ""home"", ""postcode"": ""20646""}]}"
116,"{""preferences"": {""newsletter"": false, ""categories"": [""Sports"", ""Toys""]}}"
117,"{""preferences"": {""newsletter"": true, ""categories"": [""Home & Living"", ""Books""]}}"
118,"{""preferences"": {""newsletter"": true, ""categories"": [""Beauty"", ""Fashion""]}, ""devices"": [{""type"": ""android"", ""last_seen"": ""2026-08-12""}, {""type"": ""android"", ""last_seen"": ""2026-02-05""}]}"
119,"{""preferences"": {""newsletter"": false, ""categories"": [""Electronics"", ""Books""]}}"
120,"{""addresses"": [{""label"": ""office"", ""postcode"": ""27555""}]}"
121,"{""preferences"": {""newsletter"": true, ""categories"": [""Sports"", ""Electronics"", ""Beauty""]}, ""addresses"": [{""label"": ""home"", ""postcode"": ""22672""}]}"
122,"{""devices"": [{""type"": ""web"", ""last_seen"": ""2025-10-21""}, {""type"": ""ios"", ""last_seen"": ""2025-10-20""}], ""marketing"": {""campaign"": ""refer-a-friend"", ""ab_bucket"": ""B""}}"
123,"{""preferences"": {""newsletter"": true, ""categories"": [""Sports"", ""Books"", ""Home & Living""]}}"
124,{}
125,{}
126,"{""preferences"": {""newsletter"": false, ""categories"": [""Electronics""]}, ""addresses"": [{""label"": ""office"", ""postcode"": ""29848""}, {""label"": ""parents"", ""postcode"": ""64127""}]}"
127,"{""marketing"": {""campaign"": ""1111-early-access"", ""ab_bucket"": ""A""}}"
128,"{""preferences"": {""newsletter"": false, ""categories"": [""Sports"", ""Books"", ""Beauty""]}, ""devices"": [{""type"": ""android"", ""last_seen"": ""2026-07-13""}]}"
129,"{""preferences"": {""newsletter"": false, ""categories"": [""Sports"", ""Home & Living"", ""Electronics""]}}"
130,"{""devices"": [{""type"": ""web"", ""last_seen"": ""2026-02-09""}, {""type"": ""web"", ""last_seen"": ""2026-06-03""}], ""marketing"": {""campaign"": ""app-install"", ""ab_bucket"": ""B""}}"
131,"{""preferences"": {""newsletter"": false, ""categories"": [""Beauty""]}, ""devices"": [{""type"": ""android"", ""last_seen"": ""2026-05-30""}, {""type"": ""ios"", ""last_seen"": ""2026-09-14""}], ""addresses"": [{""label"": ""office"", ""postcode"": ""95575""}]}"
132,"{""preferences"": {""newsletter"": false, ""categories"": [""Beauty""]}}"
133,"{""devices"": [{""type"": ""ios"", ""last_seen"": ""2026-02-26""}, {""type"": ""ios"", ""last_seen"": ""2025-10-05""}]}"
134,"{""marketing"": {""campaign"": ""1111-early-access"", ""ab_bucket"": ""B""}, ""addresses"": [{""label"": ""parents"", ""postcode"": ""34405""}, {""label"": ""office"", ""postcode"": ""11846""}]}"
135,"{""preferences"": {""newsletter"": false, ""categories"": [""Groceries"", ""Sports""]}, ""devices"": [{""type"": ""web"", ""last_seen"": ""2025-11-18""}, {""type"": ""ios"", ""last_seen"": ""2025-12-11""}]}"
136,"{""preferences"": {""newsletter"": false, ""categories"": [""Sports""]}, ""addresses"": [{""label"": ""office"", ""postcode"": ""50213""}]}"
137,{}
138,{}
139,"{""preferences"": {""newsletter"": false, ""categories"": [""Books""]}}"
140,"{""preferences"": {""newsletter"": true, ""categories"": [""Books"", ""Electronics"", ""Toys""]}, ""devices"": [{""type"": ""ios"", ""last_seen"": ""2026-06-19""}, {""type"": ""android"", ""last_seen"": ""2025-10-29""}]}"
141,"{""devices"": [{""type"": ""web"", ""last_seen"": ""2026-01-20""}], ""addresses"": [{""label"": ""parents"", ""postcode"": ""80931""}, {""label"": ""home"", ""postcode"": ""17897""}]}"
142,{}
143,"{""preferences"": {""newsletter"": false, ""categories"": [""Home & Living""]}, ""addresses"": [{""label"": ""home"", ""postcode"": ""12979""}]}"
144,"{""preferences"": {""newsletter"": true, ""categories"": [""Beauty"", ""Toys""]}, ""marketing"": {""campaign"": ""app-install"", ""ab_bucket"": ""B""}}"
145,"{""preferences"": {""newsletter"": true, ""categories"": [""Beauty"", ""Sports""]}, ""devices"": [{""type"": ""ios"", ""last_seen"": ""2026-06-15""}], ""addresses"": [{""label"": ""parents"", ""postcode"": ""41051""}, {""label"": ""office"", ""postcode"": ""49552""}]}"
146,{}
147,"{""preferences"": {""newsletter"": false, ""categories"": [""Groceries"", ""Beauty""]}, ""devices"": [{""type"": ""ios"", ""last_seen"": ""2026-07-03""}, {""type"": ""android"", ""last_seen"": ""2026-02-01""}], ""addresses"": [{""label"": ""office"", ""postcode"": ""17552""}]}"
148,"{""preferences"": {""newsletter"": true, ""categories"": [""Books""]}, ""marketing"": {""campaign"": ""app-install"", ""ab_bucket"": ""A""}, ""addresses"": [{""label"": ""parents"", ""postcode"": ""19539""}, {""label"": ""home"", ""postcode"": ""34662""}]}"
149,"{""preferences"": {""newsletter"": false, ""categories"": [""Beauty""]}, ""marketing"": {""campaign"": ""refer-a-friend"", ""ab_bucket"": ""A""}}"
150,"{""preferences"": {""newsletter"": false, ""categories"": [""Sports"", ""Home & Living""]}, ""devices"": [{""type"": ""android"", ""last_seen"": ""2025-11-20""}, {""type"": ""web"", ""last_seen"": ""2026-05-29""}], ""addresses"": [{""label"": ""office"", ""postcode"": ""51015""}]}"
151,"{""preferences"": {""newsletter"": false, ""categories"": [""Groceries"", ""Home & Living"", ""Fashion""]}, ""devices"": [{""type"": ""android"", ""last_seen"": ""2026-07-19""}]}"
152,"{""preferences"": {""newsletter"": false, ""categories"": [""Home & Living"", ""Fashion""]}}"
153,"{""preferences"": {""newsletter"": false, ""categories"": [""Electronics""]}, ""addresses"": [{""label"": ""home"", ""postcode"": ""38668""}]}"
154,"{""preferences"": {""newsletter"": true, ""categories"": [""Groceries"", ""Electronics"", ""Books""]}}"
155,"{""devices"": [{""type"": ""web"", ""last_seen"": ""2025-12-16""}], ""marketing"": {""campaign"": ""app-install"", ""ab_bucket"": ""B""}}"
156,"{""devices"": [{""type"": ""web"", ""last_seen"": ""2026-08-29""}], ""addresses"": [{""label"": ""office"", ""postcode"": ""17355""}, {""label"": ""parents"", ""postcode"": ""93459""}]}"
157,"{""preferences"": {""newsletter"": false, ""categories"": [""Electronics""]}, ""devices"": [{""type"": ""android"", ""last_seen"": ""2025-10-24""}, {""type"": ""ios"", ""last_seen"": ""2026-09-16""}]}"
158,"{""preferences"": {""newsletter"": false, ""categories"": [""Groceries"", ""Electronics"", ""Home & Living""]}, ""devices"": [{""type"": ""web"", ""last_seen"": ""2026-04-18""}]}"
159,"{""preferences"": {""newsletter"": false, ""categories"": [""Fashion""]}, ""addresses"": [{""label"": ""office"", ""postcode"": ""93115""}, {""label"": ""home"", ""postcode"": ""45825""}]}"
160,"{""preferences"": {""newsletter"": false, ""categories"": [""Sports""]}, ""addresses"": [{""label"": ""office"", ""postcode"": ""93086""}]}"
161,"{""preferences"": {""newsletter"": false, ""categories"": [""Home & Living""]}, ""devices"": [{""type"": ""android"", ""last_seen"": ""2026-07-13""}, {""type"": ""web"", ""last_seen"": ""2026-06-20""}], ""addresses"": [{""label"": ""parents"", ""postcode"": ""88240""}, {""label"": ""home"", ""postcode"": ""88386""}]}"
162,"{""addresses"": [{""label"": ""parents"", ""postcode"": ""59903""}]}"
163,"{""preferences"": {""newsletter"": true, ""categories"": [""Fashion"", ""Home & Living""]}, ""devices"": [{""type"": ""web"", ""last_seen"": ""2026-08-17""}]}"
164,"{""preferences"": {""newsletter"": false, ""categories"": [""Toys"", ""Beauty""]}}"
165,"{""preferences"": {""newsletter"": true, ""categories"": [""Sports"", ""Toys""]}}"
166,"{""devices"": [{""type"": ""web"", ""last_seen"": ""2026-07-09""}], ""marketing"": {""campaign"": ""app-install"", ""ab_bucket"": ""B""}}"
167,"{""preferences"": {""newsletter"": true, ""categories"": [""Beauty"", ""Home & Living""]}}"
168,"{""addresses"": [{""label"": ""parents"", ""postcode"": ""24335""}, {""label"": ""home"", ""postcode"": ""42536""}]}"
169,"{""preferences"": {""newsletter"": true, ""categories"": [""Groceries"", ""Electronics""]}, ""devices"": [{""type"": ""ios"", ""last_seen"": ""2026-06-19""}, {""type"": ""web"", ""last_seen"": ""2026-06-23""}]}"
170,"{""preferences"": {""newsletter"": false, ""categories"": [""Fashion"", ""Home & Living""]}, ""addresses"": [{""label"": ""office"", ""postcode"": ""50880""}]}"
171,"{""preferences"": {""newsletter"": false, ""categories"": [""Fashion"", ""Home & Living""]}, ""devices"": [{""type"": ""ios"", ""last_seen"": ""2026-03-25""}]}"
172,"{""preferences"": {""newsletter"": true, ""categories"": [""Home & Living"", ""Fashion""]}, ""addresses"": [{""label"": ""office"", ""postcode"": ""87621""}]}"
173,"{""preferences"": {""newsletter"": false, ""categories"": [""Home & Living"", ""Books"", ""Groceries""]}, ""devices"": [{""type"": ""android"", ""last_seen"": ""2026-09-09""}]}"
174,"{""preferences"": {""newsletter"": true, ""categories"": [""Sports""]}}"
175,"{""preferences"": {""newsletter"": true, ""categories"": [""Groceries""]}}"
176,{}
177,"{""preferences"": {""newsletter"": false, ""categories"": [""Books"", ""Beauty""]}, ""devices"": [{""type"": ""ios"", ""last_seen"": ""2026-02-27""}], ""marketing"": {""campaign"": ""1111-early-access"", ""ab_bucket"": ""B""}, ""addresses"": [{""label"": ""parents"", ""postcode"": ""82053""}, {""label"": ""office"", ""postcode"": ""76952""}]}"
178,"{""preferences"": {""newsletter"": false, ""categories"": [""Books""]}, ""addresses"": [{""label"": ""office"", ""postcode"": ""14224""}]}"
179,"{""devices"": [{""type"": ""web"", ""last_seen"": ""2026-08-09""}, {""type"": ""web"", ""last_seen"": ""2026-05-08""}], ""marketing"": {""campaign"": ""1111-early-access"", ""ab_bucket"": ""A""}}"
180,"{""devices"": [{""type"": ""web"", ""last_seen"": ""2026-09-13""}, {""type"": ""ios"", ""last_seen"": ""2025-12-09""}]}"
181,"{""preferences"": {""newsletter"": false, ""categories"": [""Groceries""]}, ""addresses"": [{""label"": ""office"", ""postcode"": ""19898""}, {""label"": ""parents"", ""postcode"": ""93050""}]}"
182,"{""preferences"": {""newsletter"": true, ""categories"": [""Electronics"", ""Groceries"", ""Toys""]}, ""devices"": [{""type"": ""web"", ""last_seen"": ""2026-09-06""}, {""type"": ""web"", ""last_seen"": ""2026-04-02""}]}"
183,"{""devices"": [{""type"": ""web"", ""last_seen"": ""2026-06-06""}]}"
184,"{""preferences"": {""newsletter"": false, ""categories"": [""Books""]}}"
185,"{""devices"": [{""type"": ""android"", ""last_seen"": ""2025-11-12""}, {""type"": ""android"", ""last_seen"": ""2026-09-06""}], ""addresses"": [{""label"": ""parents"", ""postcode"": ""40689""}, {""label"": ""office"", ""postcode"": ""66260""}]}"
186,"{""preferences"": {""newsletter"": false, ""categories"": [""Electronics"", ""Books""]}}"
187,"{""preferences"": {""newsletter"": true, ""categories"": [""Home & Living"", ""Beauty""]}, ""addresses"": [{""label"": ""home"", ""postcode"": ""79534""}]}"
188,"{""preferences"": {""newsletter"": true, ""categories"": [""Books"", ""Groceries""]}, ""devices"": [{""type"": ""ios"", ""last_seen"": ""2025-12-03""}]}"
189,"{""preferences"": {""newsletter"": false, ""categories"": [""Sports"", ""Groceries"", ""Toys""]}, ""devices"": [{""type"": ""ios"", ""last_seen"": ""2026-06-23""}, {""type"": ""web"", ""last_seen"": ""2026-06-18""}], ""marketing"": {""campaign"": ""refer-a-friend"", ""ab_bucket"": ""B""}}"
190,"{""preferences"": {""newsletter"": false, ""categories"": [""Toys"", ""Fashion""]}, ""devices"": [{""type"": ""android"", ""last_seen"": ""2026-07-07""}, {""type"": ""web"", ""last_seen"": ""2025-12-28""}]}"
191,"{""addresses"": [{""label"": ""office"", ""postcode"": ""20803""}, {""label"": ""parents"", ""postcode"": ""93956""}]}"
192,"{""marketing"": {""campaign"": ""refer-a-friend"", ""ab_bucket"": ""B""}}"
193,"{""devices"": [{""type"": ""ios"", ""last_seen"": ""2026-05-11""}], ""marketing"": {""campaign"": ""app-install"", ""ab_bucket"": ""A""}, ""addresses"": [{""label"": ""home"", ""postcode"": ""11660""}]}"
194,"{""preferences"": {""newsletter"": false, ""categories"": [""Sports"", ""Fashion"", ""Home & Living""]}, ""devices"": [{""type"": ""web"", ""last_seen"": ""2025-11-30""}, {""type"": ""ios"", ""last_seen"": ""2026-03-21""}], ""addresses"": [{""label"": ""office"", ""postcode"": ""85582""}]}"
195,"{""preferences"": {""newsletter"": true, ""categories"": [""Fashion""]}, ""devices"": [{""type"": ""ios"", ""last_seen"": ""2025-10-07""}], ""marketing"": {""campaign"": ""refer-a-friend"", ""ab_bucket"": ""B""}}"
196,{}
197,"{""preferences"": {""newsletter"": true, ""categories"": [""Electronics""]}, ""marketing"": {""campaign"": ""refer-a-friend"", ""ab_bucket"": ""B""}}"
198,"{""preferences"": {""newsletter"": true, ""categories"": [""Beauty"", ""Books"", ""Home & Living""]}}"
199,"{""devices"": [{""type"": ""web"", ""last_seen"": ""2026-09-21""}, {""type"": ""ios"", ""last_seen"": ""2026-03-21""}], ""marketing"": {""campaign"": ""app-install"", ""ab_bucket"": ""B""}}"
200,"{""marketing"": {""campaign"": ""refer-a-friend"", ""ab_bucket"": ""A""}, ""addresses"": [{""label"": ""parents"", ""postcode"": ""64140""}]}"
201,"{""preferences"": {""newsletter"": false, ""categories"": [""Electronics""]}, ""addresses"": [{""label"": ""office"", ""postcode"": ""52762""}, {""label"": ""parents"", ""postcode"": ""51688""}]}"
202,"{""preferences"": {""newsletter"": true, ""categories"": [""Books""]}}"
203,"{""preferences"": {""newsletter"": false, ""categories"": [""Electronics"", ""Fashion""]}, ""addresses"": [{""label"": ""office"", ""postcode"": ""61936""}]}"
204,"{""preferences"": {""newsletter"": true, ""categories"": [""Beauty"", ""Electronics""]}, ""addresses"": [{""label"": ""home"", ""postcode"": ""39135""}]}"
205,"{""preferences"": {""newsletter"": false, ""categories"": [""Electronics""]}, ""marketing"": {""campaign"": ""app-install"", ""ab_bucket"": ""B""}}"
206,"{""preferences"": {""newsletter"": false, ""categories"": [""Electronics"", ""Beauty""]}, ""marketing"": {""campaign"": ""1111-early-access"", ""ab_bucket"": ""A""}, ""addresses"": [{""label"": ""home"", ""postcode"": ""90492""}, {""label"": ""parents"", ""postcode"": ""91156""}]}"
207,"{""preferences"": {""newsletter"": true, ""categories"": [""Home & Living"", ""Beauty""]}, ""devices"": [{""type"": ""web"", ""last_seen"": ""2026-07-06""}]}"
208,"{""preferences"": {""newsletter"": true, ""categories"": [""Electronics""]}, ""devices"": [{""type"": ""ios"", ""last_seen"": ""2026-02-21""}], ""marketing"": {""campaign"": ""refer-a-friend"", ""ab_bucket"": ""B""}}"
209,"{""devices"": [{""type"": ""web"", ""last_seen"": ""2026-04-17""}]}"
210,"{""preferences"": {""newsletter"": false, ""categories"": [""Toys"", ""Sports"", ""Groceries""]}, ""devices"": [{""type"": ""android"", ""last_seen"": ""2026-07-05""}]}"
211,"{""preferences"": {""newsletter"": false, ""categories"": [""Toys""]}}"
212,{}
213,"{""preferences"": {""newsletter"": false, ""categories"": [""Groceries"", ""Books"", ""Toys""]}, ""addresses"": [{""label"": ""home"", ""postcode"": ""59595""}, {""label"": ""parents"", ""postcode"": ""50215""}]}"
214,"{""devices"": [{""type"": ""ios"", ""last_seen"": ""2026-08-05""}]}"
215,"{""devices"": [{""type"": ""ios"", ""last_seen"": ""2026-08-22""}, {""type"": ""ios"", ""last_seen"": ""2026-09-28""}]}"
216,"{""preferences"": {""newsletter"": true, ""categories"": [""Electronics""]}, ""devices"": [{""type"": ""ios"", ""last_seen"": ""2026-04-30""}, {""type"": ""android"", ""last_seen"": ""2026-04-12""}]}"
217,"{""devices"": [{""type"": ""android"", ""last_seen"": ""2026-02-11""}], ""addresses"": [{""label"": ""office"", ""postcode"": ""31090""}]}"
218,{}
219,"{""preferences"": {""newsletter"": true, ""categories"": [""Sports"", ""Toys"", ""Home & Living""]}, ""devices"": [{""type"": ""ios"", ""last_seen"": ""2026-04-20""}]}"
220,"{""preferences"": {""newsletter"": true, ""categories"": [""Electronics""]}, ""devices"": [{""type"": ""ios"", ""last_seen"": ""2026-05-31""}, {""type"": ""ios"", ""last_seen"": ""2026-03-07""}]}"
221,"{""preferences"": {""newsletter"": true, ""categories"": [""Books"", ""Beauty""]}, ""devices"": [{""type"": ""web"", ""last_seen"": ""2025-11-01""}, {""type"": ""ios"", ""last_seen"": ""2026-09-22""}], ""addresses"": [{""label"": ""parents"", ""postcode"": ""87296""}, {""label"": ""office"", ""postcode"": ""39820""}]}"
222,"{""preferences"": {""newsletter"": false, ""categories"": [""Beauty"", ""Books"", ""Home & Living""]}, ""devices"": [{""type"": ""web"", ""last_seen"": ""2026-07-20""}]}"
223,"{""marketing"": {""campaign"": ""refer-a-friend"", ""ab_bucket"": ""A""}}"
224,"{""preferences"": {""newsletter"": false, ""categories"": [""Fashion""]}, ""devices"": [{""type"": ""web"", ""last_seen"": ""2026-03-16""}, {""type"": ""android"", ""last_seen"": ""2026-06-24""}]}"
225,"{""preferences"": {""newsletter"": false, ""categories"": [""Fashion""]}, ""marketing"": {""campaign"": ""refer-a-friend"", ""ab_bucket"": ""B""}}"
226,"{""preferences"": {""newsletter"": true, ""categories"": [""Groceries"", ""Electronics"", ""Beauty""]}, ""addresses"": [{""label"": ""office"", ""postcode"": ""12651""}, {""label"": ""parents"", ""postcode"": ""54284""}]}"
227,"{""devices"": [{""type"": ""web"", ""last_seen"": ""2026-05-15""}, {""type"": ""android"", ""last_seen"": ""2026-02-15""}]}"
228,{}
229,"{""preferences"": {""newsletter"": false, ""categories"": [""Beauty""]}, ""marketing"": {""campaign"": ""1111-early-access"", ""ab_bucket"": ""A""}, ""addresses"": [{""label"": ""office"", ""postcode"": ""36097""}]}"
230,"{""preferences"": {""newsletter"": true, ""categories"": [""Books"", ""Fashion""]}}"
231,"{""preferences"": {""newsletter"": true, ""categories"": [""Home & Living""]}, ""addresses"": [{""label"": ""parents"", ""postcode"": ""39505""}]}"
232,"{""addresses"": [{""label"": ""parents"", ""postcode"": ""11109""}]}"
233,"{""devices"": [{""type"": ""android"", ""last_seen"": ""2026-05-24""}, {""type"": ""android"", ""last_seen"": ""2026-01-20""}]}"
234,{}
235,"{""preferences"": {""newsletter"": false, ""categories"": [""Sports"", ""Fashion""]}, ""devices"": [{""type"": ""ios"", ""last_seen"": ""2026-08-04""}], ""addresses"": [{""label"": ""parents"", ""postcode"": ""13336""}]}"
236,{}
237,{}
238,{}
239,"{""preferences"": {""newsletter"": false, ""categories"": [""Toys"", ""Home & Living""]}, ""addresses"": [{""label"": ""parents"", ""postcode"": ""86490""}]}"
240,"{""preferences"": {""newsletter"": false, ""categories"": [""Electronics"", ""Groceries""]}, ""marketing"": {""campaign"": ""1111-early-access"", ""ab_bucket"": ""B""}}"
241,"{""preferences"": {""newsletter"": false, ""categories"": [""Toys""]}, ""marketing"": {""campaign"": ""refer-a-friend"", ""ab_bucket"": ""A""}}"
242,"{""preferences"": {""newsletter"": false, ""categories"": [""Groceries"", ""Beauty"", ""Books""]}, ""addresses"": [{""label"": ""parents"", ""postcode"": ""58903""}]}"
243,"{""preferences"": {""newsletter"": true, ""categories"": [""Toys"", ""Home & Living"", ""Fashion""]}, ""devices"": [{""type"": ""ios"", ""last_seen"": ""2025-11-03""}, {""type"": ""ios"", ""last_seen"": ""2026-03-02""}]}"
244,"{""preferences"": {""newsletter"": false, ""categories"": [""Beauty"", ""Fashion""]}}"
245,"{""preferences"": {""newsletter"": true, ""categories"": [""Electronics"", ""Beauty""]}}"
246,"{""preferences"": {""newsletter"": true, ""categories"": [""Groceries"", ""Electronics""]}, ""addresses"": [{""label"": ""office"", ""postcode"": ""65164""}]}"
247,"{""preferences"": {""newsletter"": false, ""categories"": [""Fashion"", ""Home & Living"", ""Electronics""]}}"
248,"{""preferences"": {""newsletter"": true, ""categories"": [""Beauty"", ""Toys""]}, ""addresses"": [{""label"": ""home"", ""postcode"": ""85255""}]}"
249,{}
250,"{""devices"": [{""type"": ""android"", ""last_seen"": ""2025-11-29""}, {""type"": ""ios"", ""last_seen"": ""2025-10-24""}], ""marketing"": {""campaign"": ""1111-early-access"", ""ab_bucket"": ""A""}, ""addresses"": [{""label"": ""parents"", ""postcode"": ""22183""}, {""label"": ""office"", ""postcode"": ""58840""}]}"
251,"{""preferences"": {""newsletter"": false, ""categories"": [""Home & Living"", ""Electronics""]}, ""devices"": [{""type"": ""ios"", ""last_seen"": ""2025-11-23""}]}"
252,"{""preferences"": {""newsletter"": false, ""categories"": [""Home & Living"", ""Beauty"", ""Groceries""]}, ""devices"": [{""type"": ""android"", ""last_seen"": ""2025-10-24""}, {""type"": ""ios"", ""last_seen"": ""2026-02-11""}], ""addresses"": [{""label"": ""parents"", ""postcode"": ""54341""}]}"
253,"{""preferences"": {""newsletter"": true, ""categories"": [""Groceries"", ""Fashion"", ""Sports""]}, ""addresses"": [{""label"": ""parents"", ""postcode"": ""71510""}]}"
254,"{""preferences"": {""newsletter"": false, ""categories"": [""Groceries"", ""Beauty"", ""Fashion""]}, ""devices"": [{""type"": ""web"", ""last_seen"": ""2026-05-18""}, {""type"": ""ios"", ""last_seen"": ""2026-06-13""}], ""addresses"": [{""label"": ""parents"", ""postcode"": ""23453""}, {""label"": ""home"", ""postcode"": ""62879""}]}"
255,{}
256,{}
257,"{""devices"": [{""type"": ""android"", ""last_seen"": ""2026-08-21""}, {""type"": ""android"", ""last_seen"": ""2026-07-08""}]}"
258,"{""preferences"": {""newsletter"": true, ""categories"": [""Beauty""]}, ""devices"": [{""type"": ""ios"", ""last_seen"": ""2026-05-23""}, {""type"": ""ios"", ""last_seen"": ""2026-03-23""}], ""marketing"": {""campaign"": ""refer-a-friend"", ""ab_bucket"": ""A""}}"
259,"{""devices"": [{""type"": ""web"", ""last_seen"": ""2026-05-10""}]}"
260,"{""preferences"": {""newsletter"": false, ""categories"": [""Toys"", ""Sports"", ""Beauty""]}}"
261,"{""preferences"": {""newsletter"": false, ""categories"": [""Sports"", ""Groceries"", ""Toys""]}}"
262,"{""preferences"": {""newsletter"": false, ""categories"": [""Home & Living""]}, ""addresses"": [{""label"": ""office"", ""postcode"": ""83699""}]}"
263,"{""marketing"": {""campaign"": ""1111-early-access"", ""ab_bucket"": ""A""}}"
264,"{""marketing"": {""campaign"": ""1111-early-access"", ""ab_bucket"": ""B""}, ""addresses"": [{""label"": ""office"", ""postcode"": ""69322""}]}"
265,"{""marketing"": {""campaign"": ""app-install"", ""ab_bucket"": ""B""}}"
266,"{""preferences"": {""newsletter"": false, ""categories"": [""Sports""]}, ""devices"": [{""type"": ""ios"", ""last_seen"": ""2026-08-21""}, {""type"": ""web"", ""last_seen"": ""2026-09-29""}]}"
267,"{""preferences"": {""newsletter"": true, ""categories"": [""Fashion"", ""Books"", ""Groceries""]}, ""marketing"": {""campaign"": ""1111-early-access"", ""ab_bucket"": ""B""}, ""addresses"": [{""label"": ""home"", ""postcode"": ""86544""}, {""label"": ""parents"", ""postcode"": ""43425""}]}"
268,"{""preferences"": {""newsletter"": false, ""categories"": [""Sports"", ""Beauty"", ""Books""]}, ""marketing"": {""campaign"": ""app-install"", ""ab_bucket"": ""B""}}"
269,"{""preferences"": {""newsletter"": true, ""categories"": [""Toys""]}, ""devices"": [{""type"": ""ios"", ""last_seen"": ""2026-08-13""}, {""type"": ""web"", ""last_seen"": ""2026-06-01""}]}"
270,{}
271,"{""devices"": [{""type"": ""android"", ""last_seen"": ""2025-10-23""}, {""type"": ""android"", ""last_seen"": ""2026-08-30""}], ""marketing"": {""campaign"": ""app-install"", ""ab_bucket"": ""A""}}"
272,"{""marketing"": {""campaign"": ""app-install"", ""ab_bucket"": ""B""}}"
273,"{""preferences"": {""newsletter"": true, ""categories"": [""Sports""]}, ""addresses"": [{""label"": ""office"", ""postcode"": ""69129""}, {""label"": ""parents"", ""postcode"": ""92603""}]}"
274,"{""preferences"": {""newsletter"": false, ""categories"": [""Electronics"", ""Toys"", ""Books""]}, ""devices"": [{""type"": ""android"", ""last_seen"": ""2026-09-17""}], ""addresses"": [{""label"": ""office"", ""postcode"": ""96602""}, {""label"": ""parents"", ""postcode"": ""14039""}]}"
275,"{""devices"": [{""type"": ""ios"", ""last_seen"": ""2026-07-11""}, {""type"": ""web"", ""last_seen"": ""2025-12-12""}], ""marketing"": {""campaign"": ""1111-early-access"", ""ab_bucket"": ""B""}}"
276,"{""preferences"": {""newsletter"": false, ""categories"": [""Home & Living"", ""Fashion"", ""Groceries""]}, ""devices"": [{""type"": ""ios"", ""last_seen"": ""2025-11-28""}, {""type"": ""ios"", ""last_seen"": ""2026-09-09""}]}"
277,"{""preferences"": {""newsletter"": true, ""categories"": [""Books"", ""Home & Living"", ""Groceries""]}, ""devices"": [{""type"": ""ios"", ""last_seen"": ""2026-02-23""}]}"
278,"{""preferences"": {""newsletter"": true, ""categories"": [""Groceries"", ""Fashion""]}, ""devices"": [{""type"": ""ios"", ""last_seen"": ""2026-09-30""}]}"
279,"{""preferences"": {""newsletter"": true, ""categories"": [""Fashion"", ""Books"", ""Toys""]}}"
280,{}
281,"{""preferences"": {""newsletter"": false, ""categories"": [""Home & Living"", ""Books""]}, ""devices"": [{""type"": ""ios"", ""last_seen"": ""2026-05-26""}, {""type"": ""web"", ""last_seen"": ""2026-06-19""}], ""marketing"": {""campaign"": ""refer-a-friend"", ""ab_bucket"": ""A""}}"
282,"{""preferences"": {""newsletter"": false, ""categories"": [""Books""]}, ""marketing"": {""campaign"": ""refer-a-friend"", ""ab_bucket"": ""A""}, ""addresses"": [{""label"": ""home"", ""postcode"": ""97632""}, {""label"": ""parents"", ""postcode"": ""37102""}]}"
283,"{""preferences"": {""newsletter"": false, ""categories"": [""Sports""]}}"
284,"{""preferences"": {""newsletter"": true, ""categories"": [""Groceries""]}, ""devices"": [{""type"": ""android"", ""last_seen"": ""2026-06-04""}, {""type"": ""web"", ""last_seen"": ""2025-10-04""}], ""addresses"": [{""label"": ""home"", ""postcode"": ""20104""}]}"
285,"{""preferences"": {""newsletter"": true, ""categories"": [""Fashion"", ""Beauty""]}}"
286,"{""preferences"": {""newsletter"": false, ""categories"": [""Home & Living"", ""Electronics"", ""Fashion""]}, ""devices"": [{""type"": ""web"", ""last_seen"": ""2026-04-26""}]}"
287,"{""preferences"": {""newsletter"": false, ""categories"": [""Books"", ""Fashion""]}, ""devices"": [{""type"": ""web"", ""last_seen"": ""2025-12-13""}, {""type"": ""web"", ""last_seen"": ""2026-01-02""}]}"
288,"{""preferences"": {""newsletter"": true, ""categories"": [""Electronics""]}, ""devices"": [{""type"": ""ios"", ""last_seen"": ""2026-08-07""}, {""type"": ""ios"", ""last_seen"": ""2025-12-30""}]}"
289,"{""marketing"": {""campaign"": ""app-install"", ""ab_bucket"": ""B""}}"
290,"{""preferences"": {""newsletter"": false, ""categories"": [""Fashion"", ""Beauty""]}, ""devices"": [{""type"": ""ios"", ""last_seen"": ""2025-11-12""}, {""type"": ""android"", ""last_seen"": ""2026-08-03""}]}"
291,"{""preferences"": {""newsletter"": true, ""categories"": [""Toys""]}, ""marketing"": {""campaign"": ""refer-a-friend"", ""ab_bucket"": ""B""}, ""addresses"": [{""label"": ""parents"", ""postcode"": ""90200""}, {""label"": ""office"", ""postcode"": ""46118""}]}"
292,"{""preferences"": {""newsletter"": true, ""categories"": [""Books"", ""Home & Living"", ""Groceries""]}}"
293,"{""devices"": [{""type"": ""android"", ""last_seen"": ""2026-07-09""}, {""type"": ""web"", ""last_seen"": ""2026-09-22""}], ""addresses"": [{""label"": ""parents"", ""postcode"": ""21939""}, {""label"": ""home"", ""postcode"": ""29048""}]}"
294,"{""preferences"": {""newsletter"": false, ""categories"": [""Sports"", ""Toys""]}, ""marketing"": {""campaign"": ""1111-early-access"", ""ab_bucket"": ""B""}}"
295,"{""preferences"": {""newsletter"": true, ""categories"": [""Electronics""]}, ""devices"": [{""type"": ""ios"", ""last_seen"": ""2025-11-14""}]}"
296,{}
297,"{""preferences"": {""newsletter"": true, ""categories"": [""Sports""]}, ""devices"": [{""type"": ""web"", ""last_seen"": ""2025-11-07""}], ""addresses"": [{""label"": ""parents"", ""postcode"": ""43776""}]}"
298,{}
299,"{""preferences"": {""newsletter"": false, ""categories"": [""Beauty"", ""Groceries"", ""Home & Living""]}}"
300,"{""preferences"": {""newsletter"": false, ""categories"": [""Toys"", ""Home & Living""]}, ""devices"": [{""type"": ""ios"", ""last_seen"": ""2026-09-15""}, {""type"": ""ios"", ""last_seen"": ""2026-06-13""}], ""addresses"": [{""label"": ""office"", ""postcode"": ""37102""}]}"
301,"{""preferences"": {""newsletter"": true, ""categories"": [""Books"", ""Sports"", ""Electronics""]}, ""addresses"": [{""label"": ""office"", ""postcode"": ""74532""}, {""label"": ""parents"", ""postcode"": ""85303""}]}"
302,"{""preferences"": {""newsletter"": false, ""categories"": [""Groceries""]}}"
303,"{""preferences"": {""newsletter"": false, ""categories"": [""Beauty""]}, ""devices"": [{""type"": ""android"", ""last_seen"": ""2026-04-04""}], ""addresses"": [{""label"": ""home"", ""postcode"": ""71780""}, {""label"": ""office"", ""postcode"": ""90358""}]}"
304,"{""preferences"": {""newsletter"": true, ""categories"": [""Home & Living"", ""Sports""]}, ""devices"": [{""type"": ""ios"", ""last_seen"": ""2026-02-16""}]}"
305,"{""preferences"": {""newsletter"": true, ""categories"": [""Toys"", ""Groceries"", ""Beauty""]}, ""devices"": [{""type"": ""android"", ""last_seen"": ""2025-11-20""}], ""addresses"": [{""label"": ""office"", ""postcode"": ""68963""}, {""label"": ""home"", ""postcode"": ""53864""}]}"
306,"{""preferences"": {""newsletter"": true, ""categories"": [""Beauty"", ""Sports""]}, ""addresses"": [{""label"": ""office"", ""postcode"": ""98236""}, {""label"": ""parents"", ""postcode"": ""76904""}]}"
307,"{""preferences"": {""newsletter"": true, ""categories"": [""Toys""]}}"
308,{}
309,"{""preferences"": {""newsletter"": true, ""categories"": [""Beauty"", ""Toys"", ""Home & Living""]}, ""addresses"": [{""label"": ""office"", ""postcode"": ""23501""}]}"
310,"{""preferences"": {""newsletter"": false, ""categories"": [""Sports""]}, ""marketing"": {""campaign"": ""refer-a-friend"", ""ab_bucket"": ""B""}, ""addresses"": [{""label"": ""office"", ""postcode"": ""27206""}, {""label"": ""home"", ""postcode"": ""79041""}]}"
311,{}
312,"{""preferences"": {""newsletter"": false, ""categories"": [""Groceries"", ""Sports"", ""Toys""]}, ""addresses"": [{""label"": ""home"", ""postcode"": ""67915""}]}"
313,{}
314,{}
315,"{""preferences"": {""newsletter"": false, ""categories"": [""Groceries"", ""Fashion""]}, ""devices"": [{""type"": ""web"", ""last_seen"": ""2026-01-31""}, {""type"": ""web"", ""last_seen"": ""2026-08-10""}]}"
316,"{""preferences"": {""newsletter"": true, ""categories"": [""Books"", ""Sports"", ""Beauty""]}, ""devices"": [{""type"": ""ios"", ""last_seen"": ""2026-03-14""}, {""type"": ""ios"", ""last_seen"": ""2025-12-17""}], ""marketing"": {""campaign"": ""app-install"", ""ab_bucket"": ""A""}, ""addresses"": [{""label"": ""office"", ""postcode"": ""45283""}]}"
317,"{""preferences"": {""newsletter"": true, ""categories"": [""Books"", ""Home & Living""]}, ""addresses"": [{""label"": ""home"", ""postcode"": ""44931""}]}"
318,"{""marketing"": {""campaign"": ""app-install"", ""ab_bucket"": ""A""}}"
319,"{""preferences"": {""newsletter"": false, ""categories"": [""Groceries"", ""Toys""]}, ""addresses"": [{""label"": ""parents"", ""postcode"": ""82034""}]}"
320,"{""devices"": [{""type"": ""ios"", ""last_seen"": ""2026-08-21""}], ""addresses"": [{""label"": ""parents"", ""postcode"": ""61879""}, {""label"": ""home"", ""postcode"": ""41862""}]}"
321,"{""preferences"": {""newsletter"": true, ""categories"": [""Books""]}, ""devices"": [{""type"": ""web"", ""last_seen"": ""2025-10-31""}, {""type"": ""ios"", ""last_seen"": ""2026-04-01""}]}"
322,"{""marketing"": {""campaign"": ""app-install"", ""ab_bucket"": ""B""}}"
323,"{""preferences"": {""newsletter"": true, ""categories"": [""Home & Living"", ""Sports"", ""Books""]}, ""devices"": [{""type"": ""android"", ""last_seen"": ""2026-08-03""}, {""type"": ""web"", ""last_seen"": ""2025-12-22""}], ""marketing"": {""campaign"": ""1111-early-access"", ""ab_bucket"": ""B""}, ""addresses"": [{""label"": ""parents"", ""postcode"": ""69517""}, {""label"": ""office"", ""postcode"": ""10094""}]}"
324,"{""preferences"": {""newsletter"": true, ""categories"": [""Beauty"", ""Home & Living"", ""Toys""]}, ""devices"": [{""type"": ""ios"", ""last_seen"": ""2026-06-26""}, {""type"": ""web"", ""last_seen"": ""2026-06-12""}], ""addresses"": [{""label"": ""office"", ""postcode"": ""94004""}, {""label"": ""parents"", ""postcode"": ""52208""}]}"
325,"{""preferences"": {""newsletter"": false, ""categories"": [""Fashion""]}, ""marketing"": {""campaign"": ""app-install"", ""ab_bucket"": ""B""}}"
326,"{""devices"": [{""type"": ""web"", ""last_seen"": ""2026-06-09""}]}"
327,"{""preferences"": {""newsletter"": true, ""categories"": [""Electronics"", ""Groceries"", ""Sports""]}, ""devices"": [{""type"": ""web"", ""last_seen"": ""2025-11-06""}], ""addresses"": [{""label"": ""parents"", ""postcode"": ""22729""}]}"
328,"{""preferences"": {""newsletter"": false, ""categories"": [""Groceries"", ""Toys"", ""Electronics""]}}"
329,"{""preferences"": {""newsletter"": false, ""categories"": [""Home & Living"", ""Sports"", ""Groceries""]}, ""addresses"": [{""label"": ""office"", ""postcode"": ""93000""}, {""label"": ""parents"", ""postcode"": ""66438""}]}"
330,"{""devices"": [{""type"": ""android"", ""last_seen"": ""2026-04-22""}, {""type"": ""ios"", ""last_seen"": ""2025-10-18""}]}"
331,"{""preferences"": {""newsletter"": true, ""categories"": [""Sports"", ""Books"", ""Groceries""]}, ""addresses"": [{""label"": ""office"", ""postcode"": ""56616""}]}"
332,"{""devices"": [{""type"": ""web"", ""last_seen"": ""2026-01-20""}, {""type"": ""web"", ""last_seen"": ""2025-11-09""}]}"
333,"{""preferences"": {""newsletter"": true, ""categories"": [""Groceries"", ""Electronics"", ""Books""]}}"
334,{}
335,"{""preferences"": {""newsletter"": false, ""categories"": [""Home & Living""]}, ""devices"": [{""type"": ""android"", ""last_seen"": ""2026-08-01""}, {""type"": ""web"", ""last_seen"": ""2026-06-16""}], ""marketing"": {""campaign"": ""refer-a-friend"", ""ab_bucket"": ""B""}}"
336,"{""preferences"": {""newsletter"": true, ""categories"": [""Groceries"", ""Books""]}}"
337,"{""preferences"": {""newsletter"": true, ""categories"": [""Toys"", ""Books""]}, ""marketing"": {""campaign"": ""app-install"", ""ab_bucket"": ""B""}}"
338,"{""preferences"": {""newsletter"": true, ""categories"": [""Home & Living"", ""Beauty""]}, ""devices"": [{""type"": ""ios"", ""last_seen"": ""2026-09-16""}]}"
339,"{""marketing"": {""campaign"": ""app-install"", ""ab_bucket"": ""A""}, ""addresses"": [{""label"": ""home"", ""postcode"": ""37395""}, {""label"": ""office"", ""postcode"": ""80517""}]}"
340,"{""devices"": [{""type"": ""android"", ""last_seen"": ""2026-07-26""}]}"
341,"{""preferences"": {""newsletter"": false, ""categories"": [""Fashion""]}, ""devices"": [{""type"": ""web"", ""last_seen"": ""2026-09-03""}, {""type"": ""android"", ""last_seen"": ""2025-11-25""}], ""marketing"": {""campaign"": ""app-install"", ""ab_bucket"": ""B""}, ""addresses"": [{""label"": ""parents"", ""postcode"": ""51347""}, {""label"": ""home"", ""postcode"": ""73525""}]}"
342,"{""preferences"": {""newsletter"": false, ""categories"": [""Beauty""]}}"
343,"{""preferences"": {""newsletter"": false, ""categories"": [""Sports"", ""Groceries"", ""Electronics""]}}"
344,"{""preferences"": {""newsletter"": true, ""categories"": [""Beauty"", ""Books""]}, ""devices"": [{""type"": ""android"", ""last_seen"": ""2026-03-09""}], ""addresses"": [{""label"": ""home"", ""postcode"": ""95520""}]}"
345,"{""preferences"": {""newsletter"": false, ""categories"": [""Home & Living"", ""Beauty"", ""Fashion""]}, ""addresses"": [{""label"": ""parents"", ""postcode"": ""79856""}]}"
346,{}
347,"{""preferences"": {""newsletter"": false, ""categories"": [""Home & Living""]}, ""devices"": [{""type"": ""web"", ""last_seen"": ""2026-07-18""}, {""type"": ""web"", ""last_seen"": ""2026-01-27""}], ""addresses"": [{""label"": ""office"", ""postcode"": ""20417""}]}"
348,"{""preferences"": {""newsletter"": false, ""categories"": [""Books"", ""Fashion""]}, ""devices"": [{""type"": ""ios"", ""last_seen"": ""2026-04-28""}], ""addresses"": [{""label"": ""office"", ""postcode"": ""97993""}, {""label"": ""home"", ""postcode"": ""36585""}]}"
349,{}
350,"{""preferences"": {""newsletter"": true, ""categories"": [""Electronics"", ""Sports"", ""Books""]}, ""addresses"": [{""label"": ""parents"", ""postcode"": ""80499""}]}"
351,"{""devices"": [{""type"": ""android"", ""last_seen"": ""2026-03-05""}, {""type"": ""android"", ""last_seen"": ""2026-05-25""}], ""marketing"": {""campaign"": ""refer-a-friend"", ""ab_bucket"": ""A""}}"
352,"{""preferences"": {""newsletter"": false, ""categories"": [""Home & Living"", ""Beauty"", ""Groceries""]}, ""devices"": [{""type"": ""ios"", ""last_seen"": ""2026-05-21""}]}"
353,"{""devices"": [{""type"": ""web"", ""last_seen"": ""2026-05-19""}], ""addresses"": [{""label"": ""parents"", ""postcode"": ""59634""}, {""label"": ""home"", ""postcode"": ""82134""}]}"
354,"{""devices"": [{""type"": ""ios"", ""last_seen"": ""2026-09-30""}], ""marketing"": {""campaign"": ""refer-a-friend"", ""ab_bucket"": ""B""}}"
355,"{""preferences"": {""newsletter"": false, ""categories"": [""Books""]}}"
356,"{""preferences"": {""newsletter"": false, ""categories"": [""Beauty""]}}"
357,"{""addresses"": [{""label"": ""home"", ""postcode"": ""24272""}]}"
358,"{""preferences"": {""newsletter"": false, ""categories"": [""Toys"", ""Electronics""]}, ""devices"": [{""type"": ""android"", ""last_seen"": ""2026-04-07""}, {""type"": ""android"", ""last_seen"": ""2025-11-04""}]}"
359,"{""preferences"": {""newsletter"": true, ""categories"": [""Beauty""]}, ""marketing"": {""campaign"": ""app-install"", ""ab_bucket"": ""A""}}"
360,"{""devices"": [{""type"": ""ios"", ""last_seen"": ""2026-08-11""}, {""type"": ""web"", ""last_seen"": ""2026-06-12""}]}"
361,"{""preferences"": {""newsletter"": true, ""categories"": [""Fashion"", ""Toys"", ""Books""]}}"
362,"{""preferences"": {""newsletter"": true, ""categories"": [""Sports""]}, ""devices"": [{""type"": ""ios"", ""last_seen"": ""2025-11-28""}, {""type"": ""web"", ""last_seen"": ""2026-03-20""}]}"
363,"{""addresses"": [{""label"": ""office"", ""postcode"": ""30366""}]}"
364,"{""devices"": [{""type"": ""web"", ""last_seen"": ""2026-09-13""}, {""type"": ""android"", ""last_seen"": ""2026-07-12""}], ""addresses"": [{""label"": ""office"", ""postcode"": ""29569""}, {""label"": ""home"", ""postcode"": ""46760""}]}"
365,"{""preferences"": {""newsletter"": true, ""categories"": [""Fashion"", ""Groceries"", ""Home & Living""]}, ""addresses"": [{""label"": ""home"", ""postcode"": ""41148""}, {""label"": ""office"", ""postcode"": ""58704""}]}"
366,"{""addresses"": [{""label"": ""parents"", ""postcode"": ""34931""}, {""label"": ""home"", ""postcode"": ""54579""}]}"
367,"{""addresses"": [{""label"": ""office"", ""postcode"": ""60801""}]}"
368,"{""devices"": [{""type"": ""ios"", ""last_seen"": ""2026-06-24""}]}"
369,"{""preferences"": {""newsletter"": true, ""categories"": [""Books"", ""Toys""]}, ""devices"": [{""type"": ""ios"", ""last_seen"": ""2026-02-18""}], ""marketing"": {""campaign"": ""app-install"", ""ab_bucket"": ""A""}, ""addresses"": [{""label"": ""parents"", ""postcode"": ""45527""}, {""label"": ""office"", ""postcode"": ""28554""}]}"
370,"{""preferences"": {""newsletter"": true, ""categories"": [""Books""]}, ""marketing"": {""campaign"": ""refer-a-friend"", ""ab_bucket"": ""A""}, ""addresses"": [{""label"": ""home"", ""postcode"": ""90781""}, {""label"": ""office"", ""postcode"": ""56612""}]}"
371,"{""preferences"": {""newsletter"": false, ""categories"": [""Home & Living"", ""Electronics""]}}"
372,"{""devices"": [{""type"": ""android"", ""last_seen"": ""2026-04-19""}, {""type"": ""ios"", ""last_seen"": ""2026-09-24""}], ""addresses"": [{""label"": ""office"", ""postcode"": ""13966""}, {""label"": ""parents"", ""postcode"": ""18567""}]}"
373,"{""preferences"": {""newsletter"": true, ""categories"": [""Groceries""]}, ""addresses"": [{""label"": ""office"", ""postcode"": ""79828""}]}"
374,"{""devices"": [{""type"": ""ios"", ""last_seen"": ""2026-09-21""}, {""type"": ""web"", ""last_seen"": ""2026-05-09""}]}"
375,"{""preferences"": {""newsletter"": true, ""categories"": [""Books"", ""Home & Living"", ""Sports""]}, ""devices"": [{""type"": ""ios"", ""last_seen"": ""2026-03-07""}, {""type"": ""android"", ""last_seen"": ""2025-11-05""}]}"
376,{}
377,"{""preferences"": {""newsletter"": true, ""categories"": [""Toys"", ""Home & Living"", ""Sports""]}}"
378,"{""preferences"": {""newsletter"": false, ""categories"": [""Sports""]}, ""devices"": [{""type"": ""ios"", ""last_seen"": ""2026-09-26""}]}"
379,"{""preferences"": {""newsletter"": true, ""categories"": [""Groceries"", ""Beauty""]}, ""marketing"": {""campaign"": ""1111-early-access"", ""ab_bucket"": ""B""}, ""addresses"": [{""label"": ""office"", ""postcode"": ""30220""}, {""label"": ""parents"", ""postcode"": ""47810""}]}"
380,"{""addresses"": [{""label"": ""parents"", ""postcode"": ""64507""}]}"
381,"{""preferences"": {""newsletter"": false, ""categories"": [""Toys"", ""Fashion""]}, ""devices"": [{""type"": ""web"", ""last_seen"": ""2026-06-13""}], ""addresses"": [{""label"": ""office"", ""postcode"": ""14385""}, {""label"": ""parents"", ""postcode"": ""14963""}]}"
382,"{""preferences"": {""newsletter"": false, ""categories"": [""Sports"", ""Beauty"", ""Books""]}, ""devices"": [{""type"": ""ios"", ""last_seen"": ""2026-05-30""}]}"
383,"{""preferences"": {""newsletter"": true, ""categories"": [""Books""]}}"
384,"{""preferences"": {""newsletter"": false, ""categories"": [""Sports"", ""Toys"", ""Books""]}, ""devices"": [{""type"": ""web"", ""last_seen"": ""2025-12-26""}, {""type"": ""web"", ""last_seen"": ""2025-10-27""}], ""addresses"": [{""label"": ""office"", ""postcode"": ""73538""}]}"
385,"{""preferences"": {""newsletter"": true, ""categories"": [""Electronics"", ""Toys""]}, ""devices"": [{""type"": ""web"", ""last_seen"": ""2025-12-17""}]}"
386,"{""devices"": [{""type"": ""ios"", ""last_seen"": ""2026-08-01""}], ""addresses"": [{""label"": ""office"", ""postcode"": ""41188""}, {""label"": ""parents"", ""postcode"": ""96594""}]}"
387,"{""preferences"": {""newsletter"": false, ""categories"": [""Electronics""]}, ""devices"": [{""type"": ""android"", ""last_seen"": ""2026-03-04""}, {""type"": ""android"", ""last_seen"": ""2026-06-30""}], ""marketing"": {""campaign"": ""app-install"", ""ab_bucket"": ""B""}}"
388,"{""preferences"": {""newsletter"": false, ""categories"": [""Electronics"", ""Books"", ""Sports""]}}"
389,"{""preferences"": {""newsletter"": true, ""categories"": [""Beauty"", ""Toys"", ""Groceries""]}, ""marketing"": {""campaign"": ""refer-a-friend"", ""ab_bucket"": ""A""}, ""addresses"": [{""label"": ""parents"", ""postcode"": ""11110""}]}"
390,"{""preferences"": {""newsletter"": true, ""categories"": [""Electronics""]}, ""devices"": [{""type"": ""ios"", ""last_seen"": ""2026-08-01""}]}"
391,"{""preferences"": {""newsletter"": false, ""categories"": [""Home & Living"", ""Electronics"", ""Toys""]}, ""devices"": [{""type"": ""android"", ""last_seen"": ""2026-09-04""}, {""type"": ""ios"", ""last_seen"": ""2026-08-24""}]}"
392,"{""preferences"": {""newsletter"": false, ""categories"": [""Electronics"", ""Beauty""]}, ""devices"": [{""type"": ""android"", ""last_seen"": ""2026-02-13""}], ""marketing"": {""campaign"": ""1111-early-access"", ""ab_bucket"": ""B""}}"
393,"{""devices"": [{""type"": ""android"", ""last_seen"": ""2026-02-10""}], ""marketing"": {""campaign"": ""1111-early-access"", ""ab_bucket"": ""A""}}"
394,{}
395,"{""preferences"": {""newsletter"": true, ""categories"": [""Fashion"", ""Sports"", ""Books""]}, ""devices"": [{""type"": ""ios"", ""last_seen"": ""2026-07-18""}, {""type"": ""web"", ""last_seen"": ""2026-04-02""}], ""addresses"": [{""label"": ""parents"", ""postcode"": ""94813""}]}"
396,"{""devices"": [{""type"": ""ios"", ""last_seen"": ""2026-07-11""}], ""marketing"": {""campaign"": ""refer-a-friend"", ""ab_bucket"": ""A""}, ""addresses"": [{""label"": ""home"", ""postcode"": ""73766""}, {""label"": ""office"", ""postcode"": ""21123""}]}"
397,"{""devices"": [{""type"": ""ios"", ""last_seen"": ""2026-07-04""}, {""type"": ""web"", ""last_seen"": ""2026-03-07""}]}"
398,"{""preferences"": {""newsletter"": true, ""categories"": [""Books"", ""Toys"", ""Sports""]}, ""devices"": [{""type"": ""ios"", ""last_seen"": ""2025-10-19""}]}"
399,"{""preferences"": {""newsletter"": true, ""categories"": [""Sports""]}, ""marketing"": {""campaign"": ""app-install"", ""ab_bucket"": ""A""}}"
400,{}
401,"{""preferences"": {""newsletter"": false, ""categories"": [""Electronics""]}, ""addresses"": [{""label"": ""office"", ""postcode"": ""32026""}]}"
402,"{""preferences"": {""newsletter"": true, ""categories"": [""Groceries"", ""Books"", ""Fashion""]}, ""devices"": [{""type"": ""ios"", ""last_seen"": ""2025-10-04""}, {""type"": ""ios"", ""last_seen"": ""2025-12-31""}]}"
403,"{""preferences"": {""newsletter"": true, ""categories"": [""Sports"", ""Books"", ""Beauty""]}}"
404,"{""preferences"": {""newsletter"": false, ""categories"": [""Groceries"", ""Electronics""]}, ""marketing"": {""campaign"": ""app-install"", ""ab_bucket"": ""A""}}"
405,"{""preferences"": {""newsletter"": true, ""categories"": [""Books""]}, ""marketing"": {""campaign"": ""1111-early-access"", ""ab_bucket"": ""A""}}"
406,"{""devices"": [{""type"": ""web"", ""last_seen"": ""2025-12-30""}], ""marketing"": {""campaign"": ""1111-early-access"", ""ab_bucket"": ""B""}}"
407,"{""marketing"": {""campaign"": ""1111-early-access"", ""ab_bucket"": ""B""}, ""addresses"": [{""label"": ""parents"", ""postcode"": ""64079""}]}"
408,"{""devices"": [{""type"": ""ios"", ""last_seen"": ""2026-04-17""}, {""type"": ""android"", ""last_seen"": ""2025-12-09""}], ""addresses"": [{""label"": ""office"", ""postcode"": ""54025""}, {""label"": ""home"", ""postcode"": ""26673""}]}"
409,"{""preferences"": {""newsletter"": true, ""categories"": [""Beauty"", ""Home & Living""]}}"
410,{}
411,"{""preferences"": {""newsletter"": true, ""categories"": [""Home & Living""]}}"
412,"{""preferences"": {""newsletter"": true, ""categories"": [""Fashion"", ""Beauty"", ""Groceries""]}, ""devices"": [{""type"": ""web"", ""last_seen"": ""2026-04-27""}], ""addresses"": [{""label"": ""home"", ""postcode"": ""12087""}, {""label"": ""parents"", ""postcode"": ""72886""}]}"
413,"{""preferences"": {""newsletter"": true, ""categories"": [""Groceries""]}, ""devices"": [{""type"": ""web"", ""last_seen"": ""2026-05-26""}, {""type"": ""web"", ""last_seen"": ""2026-08-21""}], ""marketing"": {""campaign"": ""app-install"", ""ab_bucket"": ""A""}}"
414,"{""preferences"": {""newsletter"": false, ""categories"": [""Beauty"", ""Groceries"", ""Toys""]}, ""devices"": [{""type"": ""web"", ""last_seen"": ""2025-10-29""}, {""type"": ""web"", ""last_seen"": ""2026-09-11""}], ""addresses"": [{""label"": ""office"", ""postcode"": ""91151""}, {""label"": ""parents"", ""postcode"": ""15357""}]}"
415,"{""devices"": [{""type"": ""ios"", ""last_seen"": ""2026-07-04""}, {""type"": ""ios"", ""last_seen"": ""2026-08-29""}]}"
416,"{""addresses"": [{""label"": ""office"", ""postcode"": ""73730""}, {""label"": ""parents"", ""postcode"": ""75726""}]}"
417,{}
418,"{""devices"": [{""type"": ""ios"", ""last_seen"": ""2025-12-24""}]}"
419,"{""preferences"": {""newsletter"": false, ""categories"": [""Books""]}, ""devices"": [{""type"": ""web"", ""last_seen"": ""2026-08-27""}, {""type"": ""ios"", ""last_seen"": ""2026-02-27""}], ""marketing"": {""campaign"": ""1111-early-access"", ""ab_bucket"": ""A""}}"
420,"{""preferences"": {""newsletter"": false, ""categories"": [""Books"", ""Beauty"", ""Home & Living""]}, ""addresses"": [{""label"": ""home"", ""postcode"": ""58745""}, {""label"": ""office"", ""postcode"": ""47767""}]}"
421,"{""preferences"": {""newsletter"": true, ""categories"": [""Sports"", ""Fashion"", ""Groceries""]}}"
422,"{""preferences"": {""newsletter"": true, ""categories"": [""Electronics""]}, ""addresses"": [{""label"": ""parents"", ""postcode"": ""79945""}, {""label"": ""home"", ""postcode"": ""49526""}]}"
423,"{""devices"": [{""type"": ""web"", ""last_seen"": ""2026-09-27""}, {""type"": ""android"", ""last_seen"": ""2026-05-31""}]}"
424,"{""devices"": [{""type"": ""web"", ""last_seen"": ""2026-06-03""}], ""addresses"": [{""label"": ""office"", ""postcode"": ""13250""}]}"
425,"{""preferences"": {""newsletter"": true, ""categories"": [""Beauty"", ""Groceries"", ""Home & Living""]}, ""devices"": [{""type"": ""web"", ""last_seen"": ""2026-05-17""}]}"
426,"{""devices"": [{""type"": ""web"", ""last_seen"": ""2026-05-07""}]}"
427,"{""preferences"": {""newsletter"": false, ""categories"": [""Groceries"", ""Books""]}, ""marketing"": {""campaign"": ""app-install"", ""ab_bucket"": ""B""}}"
428,"{""preferences"": {""newsletter"": false, ""categories"": [""Fashion"", ""Sports""]}, ""marketing"": {""campaign"": ""refer-a-friend"", ""ab_bucket"": ""B""}}"
429,"{""devices"": [{""type"": ""ios"", ""last_seen"": ""2026-03-04""}, {""type"": ""web"", ""last_seen"": ""2026-03-05""}]}"
430,{}
431,{}
432,"{""preferences"": {""newsletter"": false, ""categories"": [""Toys""]}}"
433,"{""preferences"": {""newsletter"": true, ""categories"": [""Toys"", ""Beauty""]}, ""addresses"": [{""label"": ""parents"", ""postcode"": ""77353""}, {""label"": ""home"", ""postcode"": ""35403""}]}"
434,"{""preferences"": {""newsletter"": false, ""categories"": [""Sports"", ""Home & Living"", ""Toys""]}}"
435,"{""preferences"": {""newsletter"": false, ""categories"": [""Fashion""]}, ""devices"": [{""type"": ""ios"", ""last_seen"": ""2026-07-14""}]}"
436,"{""preferences"": {""newsletter"": false, ""categories"": [""Home & Living""]}, ""addresses"": [{""label"": ""home"", ""postcode"": ""88335""}, {""label"": ""office"", ""postcode"": ""78566""}]}"
437,"{""preferences"": {""newsletter"": true, ""categories"": [""Home & Living"", ""Toys"", ""Fashion""]}, ""devices"": [{""type"": ""ios"", ""last_seen"": ""2025-11-10""}]}"
438,"{""preferences"": {""newsletter"": false, ""categories"": [""Electronics"", ""Beauty"", ""Books""]}, ""marketing"": {""campaign"": ""refer-a-friend"", ""ab_bucket"": ""A""}}"
439,"{""preferences"": {""newsletter"": true, ""categories"": [""Sports"", ""Books"", ""Home & Living""]}, ""devices"": [{""type"": ""web"", ""last_seen"": ""2026-07-19""}], ""marketing"": {""campaign"": ""app-install"", ""ab_bucket"": ""A""}}"
440,"{""preferences"": {""newsletter"": false, ""categories"": [""Books""]}, ""devices"": [{""type"": ""android"", ""last_seen"": ""2026-09-10""}], ""addresses"": [{""label"": ""office"", ""postcode"": ""38085""}, {""label"": ""parents"", ""postcode"": ""77403""}]}"
441,"{""preferences"": {""newsletter"": true, ""categories"": [""Sports"", ""Books""]}, ""marketing"": {""campaign"": ""refer-a-friend"", ""ab_bucket"": ""A""}}"
442,"{""preferences"": {""newsletter"": true, ""categories"": [""Beauty"", ""Groceries""]}, ""devices"": [{""type"": ""web"", ""last_seen"": ""2026-04-07""}, {""type"": ""ios"", ""last_seen"": ""2025-10-07""}]}"
443,"{""preferences"": {""newsletter"": false, ""categories"": [""Home & Living""]}, ""devices"": [{""type"": ""android"", ""last_seen"": ""2026-01-11""}]}"
444,{}
445,"{""preferences"": {""newsletter"": true, ""categories"": [""Fashion"", ""Electronics""]}, ""devices"": [{""type"": ""ios"", ""last_seen"": ""2026-08-18""}, {""type"": ""ios"", ""last_seen"": ""2025-10-16""}], ""marketing"": {""campaign"": ""1111-early-access"", ""ab_bucket"": ""A""}}"
446,"{""preferences"": {""newsletter"": false, ""categories"": [""Books"", ""Groceries"", ""Beauty""]}, ""devices"": [{""type"": ""android"", ""last_seen"": ""2026-06-16""}, {""type"": ""android"", ""last_seen"": ""2026-07-05""}]}"
447,"{""preferences"": {""newsletter"": true, ""categories"": [""Books"", ""Beauty""]}, ""devices"": [{""type"": ""web"", ""last_seen"": ""2026-09-03""}], ""addresses"": [{""label"": ""office"", ""postcode"": ""66450""}]}"
448,"{""preferences"": {""newsletter"": false, ""categories"": [""Books"", ""Beauty"", ""Sports""]}}"
449,"{""preferences"": {""newsletter"": true, ""categories"": [""Home & Living""]}}"
450,"{""preferences"": {""newsletter"": true, ""categories"": [""Beauty""]}, ""devices"": [{""type"": ""web"", ""last_seen"": ""2025-11-13""}, {""type"": ""web"", ""last_seen"": ""2025-11-03""}], ""addresses"": [{""label"": ""home"", ""postcode"": ""80571""}]}"
451,"{""preferences"": {""newsletter"": false, ""categories"": [""Electronics"", ""Home & Living"", ""Beauty""]}, ""addresses"": [{""label"": ""home"", ""postcode"": ""54035""}, {""label"": ""parents"", ""postcode"": ""75107""}]}"
452,"{""preferences"": {""newsletter"": false, ""categories"": [""Beauty""]}, ""devices"": [{""type"": ""android"", ""last_seen"": ""2026-07-21""}], ""addresses"": [{""label"": ""parents"", ""postcode"": ""85784""}]}"
453,"{""preferences"": {""newsletter"": true, ""categories"": [""Sports""]}}"
454,"{""devices"": [{""type"": ""web"", ""last_seen"": ""2026-09-26""}], ""addresses"": [{""label"": ""home"", ""postcode"": ""45118""}, {""label"": ""office"", ""postcode"": ""93614""}]}"
455,"{""devices"": [{""type"": ""android"", ""last_seen"": ""2026-05-25""}], ""marketing"": {""campaign"": ""1111-early-access"", ""ab_bucket"": ""B""}}"
456,"{""preferences"": {""newsletter"": false, ""categories"": [""Home & Living"", ""Books"", ""Toys""]}, ""addresses"": [{""label"": ""home"", ""postcode"": ""42189""}]}"
457,"{""preferences"": {""newsletter"": true, ""categories"": [""Sports""]}}"
458,"{""devices"": [{""type"": ""ios"", ""last_seen"": ""2026-04-27""}, {""type"": ""android"", ""last_seen"": ""2026-09-09""}], ""addresses"": [{""label"": ""home"", ""postcode"": ""24671""}]}"
459,{}
460,{}
461,"{""preferences"": {""newsletter"": false, ""categories"": [""Toys"", ""Books""]}}"
462,"{""preferences"": {""newsletter"": false, ""categories"": [""Electronics"", ""Toys""]}}"
463,"{""preferences"": {""newsletter"": false, ""categories"": [""Toys"", ""Groceries"", ""Books""]}, ""devices"": [{""type"": ""android"", ""last_seen"": ""2026-04-17""}], ""marketing"": {""campaign"": ""refer-a-friend"", ""ab_bucket"": ""B""}, ""addresses"": [{""label"": ""office"", ""postcode"": ""37575""}]}"
464,"{""preferences"": {""newsletter"": true, ""categories"": [""Books""]}}"
465,"{""preferences"": {""newsletter"": false, ""categories"": [""Groceries"", ""Sports""]}, ""addresses"": [{""label"": ""home"", ""postcode"": ""94066""}]}"
466,"{""preferences"": {""newsletter"": true, ""categories"": [""Fashion"", ""Electronics"", ""Books""]}, ""devices"": [{""type"": ""web"", ""last_seen"": ""2026-09-17""}]}"
467,"{""marketing"": {""campaign"": ""refer-a-friend"", ""ab_bucket"": ""B""}, ""addresses"": [{""label"": ""parents"", ""postcode"": ""12717""}, {""label"": ""home"", ""postcode"": ""13010""}]}"
468,"{""preferences"": {""newsletter"": false, ""categories"": [""Electronics""]}, ""addresses"": [{""label"": ""office"", ""postcode"": ""32298""}]}"
469,"{""addresses"": [{""label"": ""home"", ""postcode"": ""44891""}]}"
470,"{""preferences"": {""newsletter"": false, ""categories"": [""Beauty"", ""Books""]}, ""devices"": [{""type"": ""ios"", ""last_seen"": ""2026-02-26""}], ""addresses"": [{""label"": ""home"", ""postcode"": ""86402""}, {""label"": ""office"", ""postcode"": ""99688""}]}"
471,"{""devices"": [{""type"": ""web"", ""last_seen"": ""2026-04-15""}]}"
472,"{""preferences"": {""newsletter"": true, ""categories"": [""Electronics"", ""Books"", ""Home & Living""]}}"
473,"{""preferences"": {""newsletter"": false, ""categories"": [""Books"", ""Fashion""]}, ""devices"": [{""type"": ""ios"", ""last_seen"": ""2026-02-11""}, {""type"": ""ios"", ""last_seen"": ""2026-03-10""}], ""marketing"": {""campaign"": ""1111-early-access"", ""ab_bucket"": ""B""}}"
474,"{""preferences"": {""newsletter"": false, ""categories"": [""Toys"", ""Beauty""]}}"
475,"{""preferences"": {""newsletter"": true, ""categories"": [""Home & Living""]}, ""devices"": [{""type"": ""ios"", ""last_seen"": ""2026-09-27""}, {""type"": ""android"", ""last_seen"": ""2026-05-12""}], ""marketing"": {""campaign"": ""refer-a-friend"", ""ab_bucket"": ""A""}}"
476,"{""devices"": [{""type"": ""ios"", ""last_seen"": ""2026-02-23""}], ""marketing"": {""campaign"": ""1111-early-access"", ""ab_bucket"": ""B""}}"
477,"{""preferences"": {""newsletter"": true, ""categories"": [""Beauty""]}}"
478,"{""devices"": [{""type"": ""ios"", ""last_seen"": ""2025-10-15""}, {""type"": ""ios"", ""last_seen"": ""2026-05-24""}]}"
479,"{""preferences"": {""newsletter"": false, ""categories"": [""Home & Living"", ""Fashion""]}, ""addresses"": [{""label"": ""parents"", ""postcode"": ""19269""}]}"
480,"{""devices"": [{""type"": ""ios"", ""last_seen"": ""2026-04-17""}], ""addresses"": [{""label"": ""home"", ""postcode"": ""49131""}]}"
481,"{""preferences"": {""newsletter"": true, ""categories"": [""Toys""]}}"
482,{}
483,{}
484,"{""preferences"": {""newsletter"": false, ""categories"": [""Sports"", ""Groceries"", ""Fashion""]}, ""addresses"": [{""label"": ""home"", ""postcode"": ""77294""}]}"
485,"{""devices"": [{""type"": ""web"", ""last_seen"": ""2025-10-09""}], ""marketing"": {""campaign"": ""app-install"", ""ab_bucket"": ""B""}, ""addresses"": [{""label"": ""office"", ""postcode"": ""15932""}]}"
486,"{""addresses"": [{""label"": ""home"", ""postcode"": ""34259""}]}"
487,"{""preferences"": {""newsletter"": true, ""categories"": [""Electronics""]}, ""devices"": [{""type"": ""android"", ""last_seen"": ""2026-09-20""}, {""type"": ""android"", ""last_seen"": ""2026-09-02""}]}"
488,"{""addresses"": [{""label"": ""home"", ""postcode"": ""35008""}]}"
489,"{""preferences"": {""newsletter"": false, ""categories"": [""Beauty"", ""Electronics""]}, ""devices"": [{""type"": ""ios"", ""last_seen"": ""2026-05-31""}, {""type"": ""android"", ""last_seen"": ""2025-10-12""}], ""marketing"": {""campaign"": ""1111-early-access"", ""ab_bucket"": ""B""}}"
490,"{""devices"": [{""type"": ""ios"", ""last_seen"": ""2025-11-22""}, {""type"": ""web"", ""last_seen"": ""2026-05-10""}]}"
491,"{""preferences"": {""newsletter"": false, ""categories"": [""Books"", ""Fashion"", ""Toys""]}, ""devices"": [{""type"": ""android"", ""last_seen"": ""2026-07-23""}], ""addresses"": [{""label"": ""office"", ""postcode"": ""74852""}, {""label"": ""home"", ""postcode"": ""91618""}]}"
492,"{""preferences"": {""newsletter"": true, ""categories"": [""Beauty""]}}"
493,"{""preferences"": {""newsletter"": true, ""categories"": [""Toys"", ""Groceries"", ""Beauty""]}}"
494,"{""preferences"": {""newsletter"": true, ""categories"": [""Books"", ""Home & Living""]}, ""devices"": [{""type"": ""ios"", ""last_seen"": ""2026-04-02""}]}"
495,"{""preferences"": {""newsletter"": true, ""categories"": [""Fashion""]}}"
496,"{""addresses"": [{""label"": ""office"", ""postcode"": ""69917""}]}"
497,"{""marketing"": {""campaign"": ""1111-early-access"", ""ab_bucket"": ""A""}}"
498,"{""preferences"": {""newsletter"": false, ""categories"": [""Toys""]}, ""devices"": [{""type"": ""ios"", ""last_seen"": ""2026-01-12""}]}"
499,"{""preferences"": {""newsletter"": true, ""categories"": [""Groceries"", ""Home & Living"", ""Toys""]}, ""marketing"": {""campaign"": ""app-install"", ""ab_bucket"": ""B""}}"
500,"{""preferences"": {""newsletter"": false, ""categories"": [""Books""]}, ""devices"": [{""type"": ""web"", ""last_seen"": ""2026-06-22""}], ""addresses"": [{""label"": ""office"", ""postcode"": ""66894""}, {""label"": ""home"", ""postcode"": ""18056""}]}"
501,"{""preferences"": {""newsletter"": false, ""categories"": [""Sports"", ""Beauty"", ""Groceries""]}}"
502,"{""marketing"": {""campaign"": ""refer-a-friend"", ""ab_bucket"": ""B""}}"
503,{}
504,"{""addresses"": [{""label"": ""parents"", ""postcode"": ""93320""}, {""label"": ""office"", ""postcode"": ""30975""}]}"
505,"{""addresses"": [{""label"": ""office"", ""postcode"": ""44046""}]}"
506,"{""preferences"": {""newsletter"": false, ""categories"": [""Books""]}, ""devices"": [{""type"": ""web"", ""last_seen"": ""2026-07-25""}]}"
507,"{""preferences"": {""newsletter"": false, ""categories"": [""Home & Living"", ""Toys"", ""Beauty""]}, ""marketing"": {""campaign"": ""refer-a-friend"", ""ab_bucket"": ""A""}}"
508,"{""preferences"": {""newsletter"": true, ""categories"": [""Books""]}, ""devices"": [{""type"": ""android"", ""last_seen"": ""2026-09-12""}]}"
509,"{""preferences"": {""newsletter"": false, ""categories"": [""Groceries"", ""Books"", ""Fashion""]}, ""devices"": [{""type"": ""android"", ""last_seen"": ""2026-09-30""}]}"
510,"{""preferences"": {""newsletter"": false, ""categories"": [""Groceries""]}, ""devices"": [{""type"": ""web"", ""last_seen"": ""2026-02-26""}, {""type"": ""ios"", ""last_seen"": ""2026-06-25""}], ""marketing"": {""campaign"": ""refer-a-friend"", ""ab_bucket"": ""B""}}"
511,"{""preferences"": {""newsletter"": false, ""categories"": [""Sports"", ""Fashion""]}, ""devices"": [{""type"": ""ios"", ""last_seen"": ""2025-12-02""}, {""type"": ""web"", ""last_seen"": ""2026-03-28""}], ""marketing"": {""campaign"": ""1111-early-access"", ""ab_bucket"": ""B""}}"
512,{}
513,"{""preferences"": {""newsletter"": false, ""categories"": [""Groceries"", ""Beauty"", ""Fashion""]}, ""addresses"": [{""label"": ""parents"", ""postcode"": ""94661""}, {""label"": ""office"", ""postcode"": ""21603""}]}"
514,"{""preferences"": {""newsletter"": false, ""categories"": [""Fashion"", ""Books"", ""Sports""]}}"
515,"{""devices"": [{""type"": ""ios"", ""last_seen"": ""2026-09-27""}]}"
516,"{""preferences"": {""newsletter"": true, ""categories"": [""Toys""]}, ""devices"": [{""type"": ""ios"", ""last_seen"": ""2025-11-20""}], ""addresses"": [{""label"": ""office"", ""postcode"": ""21747""}]}"
517,"{""preferences"": {""newsletter"": false, ""categories"": [""Groceries"", ""Electronics""]}, ""devices"": [{""type"": ""android"", ""last_seen"": ""2026-02-10""}, {""type"": ""android"", ""last_seen"": ""2025-12-01""}], ""marketing"": {""campaign"": ""1111-early-access"", ""ab_bucket"": ""A""}}"
518,"{""preferences"": {""newsletter"": true, ""categories"": [""Groceries""]}, ""addresses"": [{""label"": ""home"", ""postcode"": ""82706""}]}"
519,"{""preferences"": {""newsletter"": false, ""categories"": [""Home & Living"", ""Groceries""]}, ""devices"": [{""type"": ""web"", ""last_seen"": ""2026-05-20""}, {""type"": ""ios"", ""last_seen"": ""2025-10-01""}]}"
520,"{""preferences"": {""newsletter"": true, ""categories"": [""Groceries"", ""Home & Living"", ""Toys""]}, ""devices"": [{""type"": ""ios"", ""last_seen"": ""2025-12-22""}, {""type"": ""web"", ""last_seen"": ""2026-07-01""}], ""addresses"": [{""label"": ""parents"", ""postcode"": ""28304""}, {""label"": ""home"", ""postcode"": ""82938""}]}"
521,{}
522,"{""preferences"": {""newsletter"": false, ""categories"": [""Home & Living""]}, ""marketing"": {""campaign"": ""refer-a-friend"", ""ab_bucket"": ""A""}}"
523,{}
524,"{""preferences"": {""newsletter"": false, ""categories"": [""Toys"", ""Beauty"", ""Fashion""]}}"
525,"{""addresses"": [{""label"": ""parents"", ""postcode"": ""40704""}, {""label"": ""home"", ""postcode"": ""74724""}]}"
526,"{""preferences"": {""newsletter"": true, ""categories"": [""Groceries"", ""Electronics"", ""Home & Living""]}}"
527,"{""preferences"": {""newsletter"": false, ""categories"": [""Sports""]}}"
528,"{""preferences"": {""newsletter"": false, ""categories"": [""Books"", ""Electronics""]}}"
529,"{""preferences"": {""newsletter"": false, ""categories"": [""Beauty""]}, ""devices"": [{""type"": ""web"", ""last_seen"": ""2026-05-18""}, {""type"": ""android"", ""last_seen"": ""2025-10-03""}], ""addresses"": [{""label"": ""parents"", ""postcode"": ""39573""}]}"
530,"{""preferences"": {""newsletter"": false, ""categories"": [""Electronics""]}}"
531,"{""addresses"": [{""label"": ""parents"", ""postcode"": ""91207""}]}"
532,"{""devices"": [{""type"": ""ios"", ""last_seen"": ""2025-11-01""}]}"
533,"{""preferences"": {""newsletter"": true, ""categories"": [""Groceries""]}, ""devices"": [{""type"": ""android"", ""last_seen"": ""2026-04-15""}]}"
534,"{""preferences"": {""newsletter"": true, ""categories"": [""Fashion""]}, ""devices"": [{""type"": ""web"", ""last_seen"": ""2026-01-08""}], ""addresses"": [{""label"": ""office"", ""postcode"": ""73097""}, {""label"": ""parents"", ""postcode"": ""91376""}]}"
535,"{""preferences"": {""newsletter"": false, ""categories"": [""Toys"", ""Home & Living"", ""Sports""]}, ""addresses"": [{""label"": ""parents"", ""postcode"": ""48150""}, {""label"": ""office"", ""postcode"": ""58343""}]}"
536,"{""marketing"": {""campaign"": ""refer-a-friend"", ""ab_bucket"": ""A""}}"
537,"{""preferences"": {""newsletter"": true, ""categories"": [""Toys"", ""Sports"", ""Home & Living""]}, ""marketing"": {""campaign"": ""refer-a-friend"", ""ab_bucket"": ""A""}}"
538,"{""preferences"": {""newsletter"": false, ""categories"": [""Groceries"", ""Fashion""]}, ""addresses"": [{""label"": ""home"", ""postcode"": ""56908""}]}"
539,"{""preferences"": {""newsletter"": true, ""categories"": [""Sports""]}, ""devices"": [{""type"": ""web"", ""last_seen"": ""2025-12-29""}, {""type"": ""android"", ""last_seen"": ""2026-07-11""}], ""marketing"": {""campaign"": ""1111-early-access"", ""ab_bucket"": ""A""}, ""addresses"": [{""label"": ""home"", ""postcode"": ""98795""}, {""label"": ""parents"", ""postcode"": ""27988""}]}"
540,"{""preferences"": {""newsletter"": true, ""categories"": [""Home & Living"", ""Sports""]}}"
541,"{""preferences"": {""newsletter"": true, ""categories"": [""Toys"", ""Sports""]}}"
542,"{""preferences"": {""newsletter"": true, ""categories"": [""Home & Living"", ""Groceries""]}}"
543,"{""preferences"": {""newsletter"": false, ""categories"": [""Toys"", ""Beauty"", ""Sports""]}}"
544,"{""preferences"": {""newsletter"": false, ""categories"": [""Electronics"", ""Fashion"", ""Groceries""]}, ""addresses"": [{""label"": ""office"", ""postcode"": ""65708""}]}"
545,"{""preferences"": {""newsletter"": true, ""categories"": [""Toys"", ""Fashion""]}}"
546,"{""preferences"": {""newsletter"": true, ""categories"": [""Books""]}, ""devices"": [{""type"": ""android"", ""last_seen"": ""2025-11-12""}]}"
547,"{""preferences"": {""newsletter"": true, ""categories"": [""Toys""]}, ""devices"": [{""type"": ""android"", ""last_seen"": ""2026-03-04""}, {""type"": ""web"", ""last_seen"": ""2026-09-15""}], ""addresses"": [{""label"": ""parents"", ""postcode"": ""81188""}]}"
548,"{""addresses"": [{""label"": ""office"", ""postcode"": ""39829""}]}"
549,"{""addresses"": [{""label"": ""office"", ""postcode"": ""64747""}]}"
550,"{""preferences"": {""newsletter"": false, ""categories"": [""Toys"", ""Home & Living""]}, ""devices"": [{""type"": ""web"", ""last_seen"": ""2026-04-25""}, {""type"": ""web"", ""last_seen"": ""2026-07-03""}]}"
551,"{""preferences"": {""newsletter"": false, ""categories"": [""Groceries"", ""Beauty"", ""Fashion""]}, ""marketing"": {""campaign"": ""refer-a-friend"", ""ab_bucket"": ""A""}}"
552,"{""preferences"": {""newsletter"": false, ""categories"": [""Books""]}, ""devices"": [{""type"": ""ios"", ""last_seen"": ""2026-04-16""}], ""addresses"": [{""label"": ""office"", ""postcode"": ""17530""}]}"
553,"{""preferences"": {""newsletter"": false, ""categories"": [""Groceries""]}, ""marketing"": {""campaign"": ""1111-early-access"", ""ab_bucket"": ""A""}}"
554,"{""preferences"": {""newsletter"": false, ""categories"": [""Books"", ""Home & Living"", ""Fashion""]}, ""devices"": [{""type"": ""android"", ""last_seen"": ""2025-11-02""}]}"
555,"{""preferences"": {""newsletter"": false, ""categories"": [""Books"", ""Home & Living""]}, ""addresses"": [{""label"": ""office"", ""postcode"": ""42654""}]}"
556,"{""preferences"": {""newsletter"": false, ""categories"": [""Electronics"", ""Fashion""]}, ""marketing"": {""campaign"": ""app-install"", ""ab_bucket"": ""B""}}"
557,"{""preferences"": {""newsletter"": false, ""categories"": [""Toys""]}, ""devices"": [{""type"": ""web"", ""last_seen"": ""2026-03-16""}], ""addresses"": [{""label"": ""parents"", ""postcode"": ""15850""}]}"
558,"{""preferences"": {""newsletter"": false, ""categories"": [""Groceries""]}, ""devices"": [{""type"": ""ios"", ""last_seen"": ""2026-09-29""}, {""type"": ""ios"", ""last_seen"": ""2026-03-17""}]}"
559,"{""preferences"": {""newsletter"": true, ""categories"": [""Home & Living"", ""Fashion""]}, ""addresses"": [{""label"": ""parents"", ""postcode"": ""61229""}]}"
560,"{""preferences"": {""newsletter"": true, ""categories"": [""Beauty""]}, ""marketing"": {""campaign"": ""app-install"", ""ab_bucket"": ""A""}}"
561,"{""addresses"": [{""label"": ""home"", ""postcode"": ""65270""}]}"
562,"{""devices"": [{""type"": ""web"", ""last_seen"": ""2025-12-25""}], ""marketing"": {""campaign"": ""app-install"", ""ab_bucket"": ""A""}}"
563,"{""preferences"": {""newsletter"": true, ""categories"": [""Beauty""]}, ""devices"": [{""type"": ""ios"", ""last_seen"": ""2025-10-08""}, {""type"": ""android"", ""last_seen"": ""2026-08-31""}]}"
564,"{""preferences"": {""newsletter"": false, ""categories"": [""Sports"", ""Groceries""]}, ""addresses"": [{""label"": ""office"", ""postcode"": ""22418""}]}"
565,"{""preferences"": {""newsletter"": false, ""categories"": [""Toys"", ""Groceries"", ""Books""]}}"
566,"{""preferences"": {""newsletter"": false, ""categories"": [""Sports""]}, ""devices"": [{""type"": ""ios"", ""last_seen"": ""2026-08-14""}, {""type"": ""ios"", ""last_seen"": ""2025-10-31""}], ""marketing"": {""campaign"": ""refer-a-friend"", ""ab_bucket"": ""B""}, ""addresses"": [{""label"": ""home"", ""postcode"": ""41203""}, {""label"": ""parents"", ""postcode"": ""88390""}]}"
567,"{""preferences"": {""newsletter"": false, ""categories"": [""Sports"", ""Groceries"", ""Electronics""]}, ""devices"": [{""type"": ""android"", ""last_seen"": ""2026-02-02""}, {""type"": ""ios"", ""last_seen"": ""2026-07-04""}], ""marketing"": {""campaign"": ""app-install"", ""ab_bucket"": ""A""}}"
568,"{""preferences"": {""newsletter"": true, ""categories"": [""Fashion"", ""Books""]}, ""devices"": [{""type"": ""ios"", ""last_seen"": ""2025-12-04""}], ""marketing"": {""campaign"": ""app-install"", ""ab_bucket"": ""A""}, ""addresses"": [{""label"": ""office"", ""postcode"": ""71220""}]}"
569,"{""preferences"": {""newsletter"": false, ""categories"": [""Beauty"", ""Home & Living"", ""Books""]}, ""devices"": [{""type"": ""android"", ""last_seen"": ""2026-04-12""}, {""type"": ""ios"", ""last_seen"": ""2026-05-30""}]}"
570,"{""preferences"": {""newsletter"": true, ""categories"": [""Sports""]}, ""marketing"": {""campaign"": ""app-install"", ""ab_bucket"": ""A""}, ""addresses"": [{""label"": ""office"", ""postcode"": ""47122""}, {""label"": ""parents"", ""postcode"": ""59171""}]}"
571,"{""preferences"": {""newsletter"": false, ""categories"": [""Electronics""]}}"
572,"{""preferences"": {""newsletter"": false, ""categories"": [""Groceries""]}, ""addresses"": [{""label"": ""home"", ""postcode"": ""67186""}]}"
573,"{""preferences"": {""newsletter"": false, ""categories"": [""Beauty"", ""Fashion""]}}"
574,"{""devices"": [{""type"": ""web"", ""last_seen"": ""2026-07-24""}]}"
575,"{""preferences"": {""newsletter"": false, ""categories"": [""Beauty""]}, ""marketing"": {""campaign"": ""refer-a-friend"", ""ab_bucket"": ""B""}}"
576,"{""addresses"": [{""label"": ""home"", ""postcode"": ""37462""}, {""label"": ""office"", ""postcode"": ""62162""}]}"
577,"{""preferences"": {""newsletter"": false, ""categories"": [""Groceries"", ""Toys"", ""Home & Living""]}, ""marketing"": {""campaign"": ""refer-a-friend"", ""ab_bucket"": ""A""}}"
578,"{""preferences"": {""newsletter"": true, ""categories"": [""Beauty""]}, ""devices"": [{""type"": ""android"", ""last_seen"": ""2026-08-17""}, {""type"": ""web"", ""last_seen"": ""2025-11-25""}], ""addresses"": [{""label"": ""home"", ""postcode"": ""26342""}, {""label"": ""office"", ""postcode"": ""46275""}]}"
579,"{""preferences"": {""newsletter"": true, ""categories"": [""Electronics""]}, ""devices"": [{""type"": ""android"", ""last_seen"": ""2026-08-05""}]}"
580,"{""preferences"": {""newsletter"": true, ""categories"": [""Beauty"", ""Home & Living""]}, ""addresses"": [{""label"": ""office"", ""postcode"": ""10404""}, {""label"": ""home"", ""postcode"": ""69889""}]}"
581,"{""devices"": [{""type"": ""android"", ""last_seen"": ""2026-05-20""}]}"
582,"{""marketing"": {""campaign"": ""refer-a-friend"", ""ab_bucket"": ""A""}}"
583,"{""preferences"": {""newsletter"": false, ""categories"": [""Fashion"", ""Toys""]}, ""devices"": [{""type"": ""web"", ""last_seen"": ""2025-12-13""}]}"
584,{}
585,"{""preferences"": {""newsletter"": false, ""categories"": [""Home & Living""]}}"
586,"{""preferences"": {""newsletter"": false, ""categories"": [""Books"", ""Electronics"", ""Toys""]}, ""devices"": [{""type"": ""web"", ""last_seen"": ""2026-08-04""}], ""marketing"": {""campaign"": ""refer-a-friend"", ""ab_bucket"": ""B""}}"
587,"{""marketing"": {""campaign"": ""refer-a-friend"", ""ab_bucket"": ""A""}, ""addresses"": [{""label"": ""home"", ""postcode"": ""54595""}]}"
588,"{""preferences"": {""newsletter"": true, ""categories"": [""Electronics"", ""Home & Living""]}, ""devices"": [{""type"": ""android"", ""last_seen"": ""2026-05-05""}]}"
589,"{""preferences"": {""newsletter"": false, ""categories"": [""Home & Living"", ""Groceries""]}}"
590,"{""preferences"": {""newsletter"": true, ""categories"": [""Fashion"", ""Home & Living"", ""Toys""]}, ""addresses"": [{""label"": ""parents"", ""postcode"": ""17708""}, {""label"": ""office"", ""postcode"": ""53665""}]}"
591,"{""devices"": [{""type"": ""android"", ""last_seen"": ""2026-04-19""}]}"
592,"{""devices"": [{""type"": ""android"", ""last_seen"": ""2026-09-22""}, {""type"": ""ios"", ""last_seen"": ""2026-09-24""}]}"
593,"{""addresses"": [{""label"": ""office"", ""postcode"": ""73234""}]}"
594,"{""preferences"": {""newsletter"": false, ""categories"": [""Home & Living""]}, ""devices"": [{""type"": ""web"", ""last_seen"": ""2025-12-26""}, {""type"": ""ios"", ""last_seen"": ""2025-11-19""}]}"
595,"{""preferences"": {""newsletter"": true, ""categories"": [""Fashion""]}, ""devices"": [{""type"": ""android"", ""last_seen"": ""2026-09-18""}, {""type"": ""web"", ""last_seen"": ""2025-12-28""}]}"
596,"{""preferences"": {""newsletter"": true, ""categories"": [""Books"", ""Home & Living"", ""Electronics""]}, ""devices"": [{""type"": ""ios"", ""last_seen"": ""2026-06-08""}]}"
597,"{""devices"": [{""type"": ""web"", ""last_seen"": ""2026-09-25""}, {""type"": ""android"", ""last_seen"": ""2026-03-02""}], ""addresses"": [{""label"": ""parents"", ""postcode"": ""80452""}]}"
598,"{""marketing"": {""campaign"": ""app-install"", ""ab_bucket"": ""A""}}"
599,"{""preferences"": {""newsletter"": true, ""categories"": [""Fashion"", ""Electronics""]}, ""devices"": [{""type"": ""web"", ""last_seen"": ""2025-12-22""}], ""marketing"": {""campaign"": ""refer-a-friend"", ""ab_bucket"": ""A""}, ""addresses"": [{""label"": ""parents"", ""postcode"": ""49135""}]}"
600,"{""preferences"": {""newsletter"": false, ""categories"": [""Sports"", ""Toys"", ""Books""]}}"
601,"{""preferences"": {""newsletter"": true, ""categories"": [""Beauty"", ""Fashion""]}, ""marketing"": {""campaign"": ""refer-a-friend"", ""ab_bucket"": ""B""}, ""addresses"": [{""label"": ""home"", ""postcode"": ""44167""}, {""label"": ""office"", ""postcode"": ""60040""}]}"
602,"{""devices"": [{""type"": ""ios"", ""last_seen"": ""2026-08-19""}]}"
603,"{""preferences"": {""newsletter"": true, ""categories"": [""Toys""]}, ""addresses"": [{""label"": ""home"", ""postcode"": ""45405""}]}"
604,"{""preferences"": {""newsletter"": true, ""categories"": [""Home & Living"", ""Groceries""]}, ""addresses"": [{""label"": ""office"", ""postcode"": ""23762""}]}"
605,"{""preferences"": {""newsletter"": true, ""categories"": [""Sports"", ""Books"", ""Home & Living""]}, ""addresses"": [{""label"": ""home"", ""postcode"": ""98842""}, {""label"": ""office"", ""postcode"": ""79688""}]}"
606,"{""preferences"": {""newsletter"": false, ""categories"": [""Home & Living""]}, ""devices"": [{""type"": ""ios"", ""last_seen"": ""2026-08-24""}, {""type"": ""android"", ""last_seen"": ""2026-09-28""}]}"
607,"{""preferences"": {""newsletter"": true, ""categories"": [""Beauty"", ""Home & Living""]}, ""marketing"": {""campaign"": ""refer-a-friend"", ""ab_bucket"": ""B""}}"
608,"{""preferences"": {""newsletter"": true, ""categories"": [""Sports"", ""Books"", ""Beauty""]}, ""marketing"": {""campaign"": ""refer-a-friend"", ""ab_bucket"": ""A""}}"
609,"{""preferences"": {""newsletter"": true, ""categories"": [""Electronics"", ""Toys"", ""Beauty""]}, ""addresses"": [{""label"": ""parents"", ""postcode"": ""68805""}]}"
610,"{""preferences"": {""newsletter"": true, ""categories"": [""Toys""]}}"
611,{}
612,{}
613,"{""preferences"": {""newsletter"": true, ""categories"": [""Toys""]}, ""marketing"": {""campaign"": ""refer-a-friend"", ""ab_bucket"": ""A""}, ""addresses"": [{""label"": ""home"", ""postcode"": ""79349""}, {""label"": ""parents"", ""postcode"": ""77412""}]}"
614,"{""preferences"": {""newsletter"": true, ""categories"": [""Toys"", ""Beauty""]}, ""addresses"": [{""label"": ""parents"", ""postcode"": ""31211""}, {""label"": ""office"", ""postcode"": ""28333""}]}"
615,"{""preferences"": {""newsletter"": true, ""categories"": [""Home & Living""]}, ""devices"": [{""type"": ""ios"", ""last_seen"": ""2025-12-22""}, {""type"": ""web"", ""last_seen"": ""2026-01-10""}]}"
616,"{""devices"": [{""type"": ""web"", ""last_seen"": ""2026-04-18""}, {""type"": ""ios"", ""last_seen"": ""2025-11-26""}]}"
617,"{""preferences"": {""newsletter"": true, ""categories"": [""Electronics"", ""Beauty"", ""Groceries""]}, ""devices"": [{""type"": ""ios"", ""last_seen"": ""2026-05-08""}, {""type"": ""ios"", ""last_seen"": ""2026-08-13""}], ""marketing"": {""campaign"": ""app-install"", ""ab_bucket"": ""A""}, ""addresses"": [{""label"": ""office"", ""postcode"": ""42421""}]}"
618,"{""marketing"": {""campaign"": ""app-install"", ""ab_bucket"": ""A""}, ""addresses"": [{""label"": ""office"", ""postcode"": ""15028""}]}"
619,"{""devices"": [{""type"": ""web"", ""last_seen"": ""2026-08-21""}, {""type"": ""ios"", ""last_seen"": ""2026-01-22""}]}"
620,"{""marketing"": {""campaign"": ""1111-early-access"", ""ab_bucket"": ""A""}, ""addresses"": [{""label"": ""parents"", ""postcode"": ""52157""}]}"
621,"{""preferences"": {""newsletter"": true, ""categories"": [""Sports"", ""Electronics""]}, ""devices"": [{""type"": ""web"", ""last_seen"": ""2026-07-10""}], ""addresses"": [{""label"": ""parents"", ""postcode"": ""87189""}, {""label"": ""office"", ""postcode"": ""79319""}]}"
622,"{""devices"": [{""type"": ""ios"", ""last_seen"": ""2026-07-28""}]}"
623,"{""preferences"": {""newsletter"": true, ""categories"": [""Beauty"", ""Sports""]}, ""marketing"": {""campaign"": ""1111-early-access"", ""ab_bucket"": ""B""}}"
624,"{""devices"": [{""type"": ""web"", ""last_seen"": ""2026-06-15""}, {""type"": ""ios"", ""last_seen"": ""2025-12-25""}]}"
625,"{""preferences"": {""newsletter"": false, ""categories"": [""Books"", ""Toys""]}, ""addresses"": [{""label"": ""parents"", ""postcode"": ""83727""}, {""label"": ""office"", ""postcode"": ""61150""}]}"
626,"{""preferences"": {""newsletter"": true, ""categories"": [""Books"", ""Sports"", ""Toys""]}}"
627,"{""preferences"": {""newsletter"": true, ""categories"": [""Sports""]}}"
628,"{""preferences"": {""newsletter"": false, ""categories"": [""Fashion"", ""Toys""]}, ""addresses"": [{""label"": ""office"", ""postcode"": ""92045""}, {""label"": ""home"", ""postcode"": ""11364""}]}"
629,"{""preferences"": {""newsletter"": false, ""categories"": [""Fashion"", ""Toys"", ""Groceries""]}, ""addresses"": [{""label"": ""office"", ""postcode"": ""38919""}]}"
630,"{""preferences"": {""newsletter"": true, ""categories"": [""Groceries"", ""Home & Living"", ""Fashion""]}, ""marketing"": {""campaign"": ""1111-early-access"", ""ab_bucket"": ""B""}, ""addresses"": [{""label"": ""home"", ""postcode"": ""84666""}]}"
631,"{""marketing"": {""campaign"": ""1111-early-access"", ""ab_bucket"": ""A""}}"
632,"{""preferences"": {""newsletter"": true, ""categories"": [""Fashion""]}}"
633,"{""preferences"": {""newsletter"": false, ""categories"": [""Toys""]}, ""marketing"": {""campaign"": ""1111-early-access"", ""ab_bucket"": ""B""}}"
634,"{""preferences"": {""newsletter"": false, ""categories"": [""Electronics""]}, ""marketing"": {""campaign"": ""refer-a-friend"", ""ab_bucket"": ""A""}}"
635,"{""preferences"": {""newsletter"": false, ""categories"": [""Groceries""]}}"
636,"{""preferences"": {""newsletter"": true, ""categories"": [""Fashion"", ""Home & Living""]}}"
637,"{""preferences"": {""newsletter"": false, ""categories"": [""Sports"", ""Home & Living""]}}"
638,"{""addresses"": [{""label"": ""office"", ""postcode"": ""68549""}]}"
639,"{""preferences"": {""newsletter"": true, ""categories"": [""Home & Living""]}}"
640,"{""marketing"": {""campaign"": ""refer-a-friend"", ""ab_bucket"": ""B""}}"
641,"{""preferences"": {""newsletter"": false, ""categories"": [""Beauty"", ""Toys"", ""Electronics""]}, ""devices"": [{""type"": ""ios"", ""last_seen"": ""2025-10-09""}]}"
642,"{""addresses"": [{""label"": ""home"", ""postcode"": ""39437""}, {""label"": ""parents"", ""postcode"": ""17322""}]}"
643,"{""preferences"": {""newsletter"": true, ""categories"": [""Fashion""]}, ""marketing"": {""campaign"": ""app-install"", ""ab_bucket"": ""A""}, ""addresses"": [{""label"": ""home"", ""postcode"": ""42118""}, {""label"": ""parents"", ""postcode"": ""20101""}]}"
644,"{""preferences"": {""newsletter"": true, ""categories"": [""Sports"", ""Beauty"", ""Groceries""]}}"
645,"{""marketing"": {""campaign"": ""refer-a-friend"", ""ab_bucket"": ""B""}}"
646,"{""preferences"": {""newsletter"": true, ""categories"": [""Home & Living"", ""Toys""]}, ""devices"": [{""type"": ""ios"", ""last_seen"": ""2026-04-19""}], ""marketing"": {""campaign"": ""app-install"", ""ab_bucket"": ""A""}}"
647,"{""preferences"": {""newsletter"": false, ""categories"": [""Groceries"", ""Fashion"", ""Home & Living""]}, ""devices"": [{""type"": ""android"", ""last_seen"": ""2026-08-05""}], ""addresses"": [{""label"": ""office"", ""postcode"": ""31333""}]}"
648,"{""preferences"": {""newsletter"": false, ""categories"": [""Electronics"", ""Fashion"", ""Home & Living""]}, ""devices"": [{""type"": ""web"", ""last_seen"": ""2026-06-05""}], ""marketing"": {""campaign"": ""refer-a-friend"", ""ab_bucket"": ""A""}}"
649,{}
650,"{""preferences"": {""newsletter"": false, ""categories"": [""Electronics"", ""Home & Living""]}, ""devices"": [{""type"": ""ios"", ""last_seen"": ""2026-08-17""}, {""type"": ""ios"", ""last_seen"": ""2026-01-27""}]}"
651,"{""preferences"": {""newsletter"": false, ""categories"": [""Toys"", ""Beauty"", ""Fashion""]}, ""devices"": [{""type"": ""web"", ""last_seen"": ""2026-05-09""}, {""type"": ""ios"", ""last_seen"": ""2026-09-30""}]}"
652,"{""preferences"": {""newsletter"": true, ""categories"": [""Fashion"", ""Beauty""]}, ""devices"": [{""type"": ""ios"", ""last_seen"": ""2026-03-01""}, {""type"": ""ios"", ""last_seen"": ""2025-11-04""}]}"
653,{}
654,"{""marketing"": {""campaign"": ""refer-a-friend"", ""ab_bucket"": ""B""}}"
655,"{""preferences"": {""newsletter"": false, ""categories"": [""Electronics"", ""Toys"", ""Fashion""]}, ""addresses"": [{""label"": ""office"", ""postcode"": ""59259""}]}"
656,"{""preferences"": {""newsletter"": true, ""categories"": [""Books"", ""Electronics""]}, ""devices"": [{""type"": ""android"", ""last_seen"": ""2026-05-10""}], ""marketing"": {""campaign"": ""refer-a-friend"", ""ab_bucket"": ""A""}, ""addresses"": [{""label"": ""home"", ""postcode"": ""24984""}, {""label"": ""office"", ""postcode"": ""46487""}]}"
657,"{""preferences"": {""newsletter"": true, ""categories"": [""Groceries"", ""Electronics"", ""Home & Living""]}, ""addresses"": [{""label"": ""home"", ""postcode"": ""99610""}]}"
658,"{""preferences"": {""newsletter"": true, ""categories"": [""Books"", ""Groceries"", ""Beauty""]}, ""addresses"": [{""label"": ""home"", ""postcode"": ""66168""}]}"
659,"{""preferences"": {""newsletter"": false, ""categories"": [""Groceries"", ""Home & Living"", ""Toys""]}}"
660,"{""preferences"": {""newsletter"": false, ""categories"": [""Toys"", ""Electronics"", ""Fashion""]}}"
661,{}
662,"{""preferences"": {""newsletter"": false, ""categories"": [""Groceries""]}, ""devices"": [{""type"": ""ios"", ""last_seen"": ""2026-09-13""}], ""addresses"": [{""label"": ""home"", ""postcode"": ""50234""}, {""label"": ""office"", ""postcode"": ""75809""}]}"
663,"{""preferences"": {""newsletter"": false, ""categories"": [""Toys"", ""Electronics"", ""Fashion""]}}"
664,"{""preferences"": {""newsletter"": false, ""categories"": [""Fashion""]}, ""marketing"": {""campaign"": ""app-install"", ""ab_bucket"": ""A""}}"
665,"{""preferences"": {""newsletter"": true, ""categories"": [""Electronics"", ""Toys"", ""Home & Living""]}, ""marketing"": {""campaign"": ""refer-a-friend"", ""ab_bucket"": ""B""}, ""addresses"": [{""label"": ""home"", ""postcode"": ""70810""}, {""label"": ""office"", ""postcode"": ""64124""}]}"
666,{}
667,"{""preferences"": {""newsletter"": true, ""categories"": [""Toys"", ""Home & Living""]}, ""devices"": [{""type"": ""ios"", ""last_seen"": ""2026-07-12""}, {""type"": ""android"", ""last_seen"": ""2026-01-07""}]}"
668,"{""preferences"": {""newsletter"": true, ""categories"": [""Groceries""]}, ""devices"": [{""type"": ""web"", ""last_seen"": ""2025-11-30""}]}"
669,"{""preferences"": {""newsletter"": true, ""categories"": [""Electronics"", ""Toys""]}, ""marketing"": {""campaign"": ""app-install"", ""ab_bucket"": ""A""}}"
670,"{""preferences"": {""newsletter"": false, ""categories"": [""Sports""]}, ""devices"": [{""type"": ""web"", ""last_seen"": ""2026-04-12""}]}"
671,"{""devices"": [{""type"": ""ios"", ""last_seen"": ""2025-12-12""}]}"
672,"{""preferences"": {""newsletter"": true, ""categories"": [""Groceries""]}, ""devices"": [{""type"": ""ios"", ""last_seen"": ""2026-09-17""}]}"
673,"{""preferences"": {""newsletter"": false, ""categories"": [""Fashion""]}}"
674,"{""devices"": [{""type"": ""web"", ""last_seen"": ""2025-10-12""}]}"
675,"{""preferences"": {""newsletter"": false, ""categories"": [""Sports""]}, ""devices"": [{""type"": ""ios"", ""last_seen"": ""2026-03-28""}]}"
676,"{""devices"": [{""type"": ""web"", ""last_seen"": ""2026-02-21""}], ""addresses"": [{""label"": ""home"", ""postcode"": ""73941""}, {""label"": ""parents"", ""postcode"": ""66815""}]}"
677,"{""preferences"": {""newsletter"": true, ""categories"": [""Toys"", ""Home & Living"", ""Books""]}}"
678,"{""preferences"": {""newsletter"": false, ""categories"": [""Groceries"", ""Electronics""]}, ""devices"": [{""type"": ""android"", ""last_seen"": ""2026-01-04""}, {""type"": ""android"", ""last_seen"": ""2026-02-03""}], ""marketing"": {""campaign"": ""app-install"", ""ab_bucket"": ""B""}}"
679,"{""preferences"": {""newsletter"": false, ""categories"": [""Beauty"", ""Sports""]}, ""devices"": [{""type"": ""web"", ""last_seen"": ""2026-01-17""}, {""type"": ""web"", ""last_seen"": ""2026-01-20""}], ""marketing"": {""campaign"": ""refer-a-friend"", ""ab_bucket"": ""A""}}"
680,"{""preferences"": {""newsletter"": true, ""categories"": [""Books"", ""Electronics""]}, ""addresses"": [{""label"": ""parents"", ""postcode"": ""52844""}]}"
681,{}
682,"{""preferences"": {""newsletter"": true, ""categories"": [""Sports"", ""Home & Living""]}, ""devices"": [{""type"": ""android"", ""last_seen"": ""2025-11-10""}, {""type"": ""web"", ""last_seen"": ""2026-03-10""}], ""addresses"": [{""label"": ""parents"", ""postcode"": ""74662""}, {""label"": ""office"", ""postcode"": ""94029""}]}"
683,"{""preferences"": {""newsletter"": false, ""categories"": [""Groceries"", ""Fashion"", ""Books""]}, ""devices"": [{""type"": ""web"", ""last_seen"": ""2025-10-03""}, {""type"": ""web"", ""last_seen"": ""2025-10-27""}]}"
684,"{""devices"": [{""type"": ""ios"", ""last_seen"": ""2026-07-26""}], ""addresses"": [{""label"": ""parents"", ""postcode"": ""64171""}]}"
685,"{""preferences"": {""newsletter"": false, ""categories"": [""Books"", ""Fashion""]}, ""devices"": [{""type"": ""web"", ""last_seen"": ""2025-11-12""}, {""type"": ""android"", ""last_seen"": ""2026-07-13""}], ""addresses"": [{""label"": ""parents"", ""postcode"": ""20225""}]}"
686,"{""preferences"": {""newsletter"": true, ""categories"": [""Toys""]}}"
687,"{""preferences"": {""newsletter"": true, ""categories"": [""Beauty"", ""Groceries"", ""Books""]}, ""devices"": [{""type"": ""android"", ""last_seen"": ""2025-12-24""}, {""type"": ""web"", ""last_seen"": ""2026-03-07""}]}"
688,"{""devices"": [{""type"": ""android"", ""last_seen"": ""2026-09-04""}]}"
689,"{""preferences"": {""newsletter"": true, ""categories"": [""Sports"", ""Home & Living""]}, ""devices"": [{""type"": ""web"", ""last_seen"": ""2026-05-05""}, {""type"": ""ios"", ""last_seen"": ""2026-02-28""}], ""marketing"": {""campaign"": ""1111-early-access"", ""ab_bucket"": ""B""}}"
690,"{""preferences"": {""newsletter"": true, ""categories"": [""Sports""]}, ""devices"": [{""type"": ""android"", ""last_seen"": ""2026-01-24""}]}"
691,"{""preferences"": {""newsletter"": true, ""categories"": [""Beauty""]}, ""devices"": [{""type"": ""web"", ""last_seen"": ""2026-08-02""}, {""type"": ""android"", ""last_seen"": ""2025-10-02""}], ""marketing"": {""campaign"": ""app-install"", ""ab_bucket"": ""B""}}"
692,"{""devices"": [{""type"": ""web"", ""last_seen"": ""2026-05-31""}], ""addresses"": [{""label"": ""home"", ""postcode"": ""99024""}, {""label"": ""parents"", ""postcode"": ""11275""}]}"
693,"{""preferences"": {""newsletter"": true, ""categories"": [""Sports""]}, ""addresses"": [{""label"": ""home"", ""postcode"": ""23106""}]}"
694,"{""preferences"": {""newsletter"": true, ""categories"": [""Books"", ""Electronics""]}, ""addresses"": [{""label"": ""home"", ""postcode"": ""99887""}, {""label"": ""office"", ""postcode"": ""78066""}]}"
695,"{""preferences"": {""newsletter"": true, ""categories"": [""Electronics"", ""Fashion""]}}"
696,{}
697,"{""preferences"": {""newsletter"": true, ""categories"": [""Sports"", ""Fashion""]}, ""devices"": [{""type"": ""web"", ""last_seen"": ""2025-12-02""}, {""type"": ""android"", ""last_seen"": ""2026-05-21""}]}"
698,"{""preferences"": {""newsletter"": false, ""categories"": [""Sports"", ""Books"", ""Groceries""]}, ""addresses"": [{""label"": ""home"", ""postcode"": ""15367""}, {""label"": ""office"", ""postcode"": ""38485""}]}"
699,"{""preferences"": {""newsletter"": true, ""categories"": [""Home & Living"", ""Books""]}}"
700,"{""preferences"": {""newsletter"": false, ""categories"": [""Beauty"", ""Electronics""]}}"
701,"{""marketing"": {""campaign"": ""refer-a-friend"", ""ab_bucket"": ""B""}}"
702,"{""preferences"": {""newsletter"": true, ""categories"": [""Books"", ""Sports"", ""Fashion""]}, ""devices"": [{""type"": ""ios"", ""last_seen"": ""2025-12-10""}, {""type"": ""web"", ""last_seen"": ""2026-05-15""}]}"
703,"{""preferences"": {""newsletter"": false, ""categories"": [""Groceries""]}, ""devices"": [{""type"": ""web"", ""last_seen"": ""2026-03-04""}]}"
704,"{""preferences"": {""newsletter"": false, ""categories"": [""Groceries""]}}"
705,"{""preferences"": {""newsletter"": false, ""categories"": [""Books"", ""Toys""]}, ""devices"": [{""type"": ""ios"", ""last_seen"": ""2026-07-27""}]}"
706,"{""preferences"": {""newsletter"": true, ""categories"": [""Home & Living"", ""Books"", ""Toys""]}, ""devices"": [{""type"": ""android"", ""last_seen"": ""2026-08-16""}], ""addresses"": [{""label"": ""home"", ""postcode"": ""89140""}]}"
707,"{""preferences"": {""newsletter"": true, ""categories"": [""Sports""]}}"
708,"{""preferences"": {""newsletter"": true, ""categories"": [""Electronics"", ""Fashion"", ""Groceries""]}, ""addresses"": [{""label"": ""office"", ""postcode"": ""72975""}]}"
709,"{""preferences"": {""newsletter"": true, ""categories"": [""Books""]}, ""addresses"": [{""label"": ""home"", ""postcode"": ""11444""}, {""label"": ""office"", ""postcode"": ""86092""}]}"
710,"{""devices"": [{""type"": ""android"", ""last_seen"": ""2026-05-23""}]}"
711,"{""preferences"": {""newsletter"": true, ""categories"": [""Home & Living"", ""Books"", ""Toys""]}}"
712,"{""preferences"": {""newsletter"": false, ""categories"": [""Groceries"", ""Beauty""]}, ""marketing"": {""campaign"": ""app-install"", ""ab_bucket"": ""B""}, ""addresses"": [{""label"": ""parents"", ""postcode"": ""86610""}, {""label"": ""office"", ""postcode"": ""90933""}]}"
713,"{""preferences"": {""newsletter"": true, ""categories"": [""Books"", ""Home & Living"", ""Fashion""]}}"
714,"{""marketing"": {""campaign"": ""app-install"", ""ab_bucket"": ""B""}, ""addresses"": [{""label"": ""office"", ""postcode"": ""59063""}]}"
715,"{""preferences"": {""newsletter"": false, ""categories"": [""Beauty"", ""Fashion"", ""Home & Living""]}, ""addresses"": [{""label"": ""office"", ""postcode"": ""79275""}]}"
716,"{""preferences"": {""newsletter"": true, ""categories"": [""Toys""]}}"
717,"{""preferences"": {""newsletter"": true, ""categories"": [""Books""]}}"
718,"{""preferences"": {""newsletter"": true, ""categories"": [""Sports"", ""Electronics"", ""Groceries""]}, ""marketing"": {""campaign"": ""app-install"", ""ab_bucket"": ""B""}, ""addresses"": [{""label"": ""office"", ""postcode"": ""56911""}, {""label"": ""parents"", ""postcode"": ""18906""}]}"
719,"{""addresses"": [{""label"": ""parents"", ""postcode"": ""71732""}]}"
720,"{""devices"": [{""type"": ""web"", ""last_seen"": ""2026-03-18""}]}"
721,"{""marketing"": {""campaign"": ""1111-early-access"", ""ab_bucket"": ""B""}}"
722,"{""preferences"": {""newsletter"": true, ""categories"": [""Toys""]}}"
723,"{""preferences"": {""newsletter"": false, ""categories"": [""Electronics"", ""Sports""]}}"
724,"{""addresses"": [{""label"": ""home"", ""postcode"": ""40413""}, {""label"": ""parents"", ""postcode"": ""22057""}]}"
725,"{""addresses"": [{""label"": ""home"", ""postcode"": ""20041""}]}"
726,"{""preferences"": {""newsletter"": true, ""categories"": [""Home & Living"", ""Sports""]}, ""devices"": [{""type"": ""web"", ""last_seen"": ""2025-11-09""}], ""marketing"": {""campaign"": ""app-install"", ""ab_bucket"": ""A""}}"
727,{}
728,"{""addresses"": [{""label"": ""home"", ""postcode"": ""78287""}]}"
729,"{""preferences"": {""newsletter"": true, ""categories"": [""Books"", ""Electronics""]}, ""devices"": [{""type"": ""android"", ""last_seen"": ""2026-02-20""}], ""addresses"": [{""label"": ""home"", ""postcode"": ""46581""}]}"
730,"{""preferences"": {""newsletter"": true, ""categories"": [""Groceries"", ""Sports"", ""Electronics""]}, ""marketing"": {""campaign"": ""refer-a-friend"", ""ab_bucket"": ""A""}}"
731,"{""preferences"": {""newsletter"": false, ""categories"": [""Groceries"", ""Books""]}}"
732,"{""preferences"": {""newsletter"": false, ""categories"": [""Books"", ""Beauty"", ""Sports""]}, ""addresses"": [{""label"": ""office"", ""postcode"": ""27284""}, {""label"": ""home"", ""postcode"": ""11990""}]}"
733,"{""preferences"": {""newsletter"": false, ""categories"": [""Sports""]}, ""devices"": [{""type"": ""web"", ""last_seen"": ""2026-08-08""}, {""type"": ""ios"", ""last_seen"": ""2025-12-03""}]}"
734,"{""addresses"": [{""label"": ""parents"", ""postcode"": ""20426""}]}"
735,"{""devices"": [{""type"": ""ios"", ""last_seen"": ""2026-01-25""}, {""type"": ""web"", ""last_seen"": ""2025-12-29""}], ""marketing"": {""campaign"": ""app-install"", ""ab_bucket"": ""A""}, ""addresses"": [{""label"": ""home"", ""postcode"": ""99711""}]}"
736,"{""preferences"": {""newsletter"": false, ""categories"": [""Sports"", ""Electronics""]}}"
737,"{""preferences"": {""newsletter"": true, ""categories"": [""Toys""]}}"
738,"{""devices"": [{""type"": ""web"", ""last_seen"": ""2026-04-10""}, {""type"": ""android"", ""last_seen"": ""2026-02-28""}], ""addresses"": [{""label"": ""office"", ""postcode"": ""29669""}]}"
739,"{""addresses"": [{""label"": ""office"", ""postcode"": ""86373""}]}"
740,"{""preferences"": {""newsletter"": true, ""categories"": [""Groceries""]}, ""marketing"": {""campaign"": ""app-install"", ""ab_bucket"": ""A""}}"
741,"{""preferences"": {""newsletter"": true, ""categories"": [""Toys""]}, ""devices"": [{""type"": ""web"", ""last_seen"": ""2025-11-29""}, {""type"": ""web"", ""last_seen"": ""2026-02-01""}]}"
742,"{""preferences"": {""newsletter"": false, ""categories"": [""Groceries"", ""Fashion""]}, ""addresses"": [{""label"": ""office"", ""postcode"": ""98356""}]}"
743,"{""preferences"": {""newsletter"": true, ""categories"": [""Home & Living"", ""Sports"", ""Beauty""]}}"
744,"{""marketing"": {""campaign"": ""1111-early-access"", ""ab_bucket"": ""B""}, ""addresses"": [{""label"": ""home"", ""postcode"": ""27351""}]}"
745,"{""preferences"": {""newsletter"": true, ""categories"": [""Fashion"", ""Home & Living""]}}"
746,"{""preferences"": {""newsletter"": true, ""categories"": [""Books"", ""Toys""]}}"
747,"{""devices"": [{""type"": ""web"", ""last_seen"": ""2026-07-31""}]}"
748,"{""preferences"": {""newsletter"": true, ""categories"": [""Groceries""]}, ""devices"": [{""type"": ""android"", ""last_seen"": ""2025-12-31""}, {""type"": ""ios"", ""last_seen"": ""2025-10-22""}]}"
749,"{""preferences"": {""newsletter"": true, ""categories"": [""Fashion""]}, ""devices"": [{""type"": ""android"", ""last_seen"": ""2026-01-23""}, {""type"": ""ios"", ""last_seen"": ""2026-02-25""}], ""addresses"": [{""label"": ""home"", ""postcode"": ""97350""}]}"
750,"{""preferences"": {""newsletter"": false, ""categories"": [""Beauty"", ""Electronics"", ""Books""]}, ""marketing"": {""campaign"": ""1111-early-access"", ""ab_bucket"": ""B""}}"
751,"{""preferences"": {""newsletter"": true, ""categories"": [""Fashion"", ""Beauty"", ""Groceries""]}, ""marketing"": {""campaign"": ""1111-early-access"", ""ab_bucket"": ""B""}}"
752,"{""preferences"": {""newsletter"": false, ""categories"": [""Books"", ""Toys""]}, ""addresses"": [{""label"": ""home"", ""postcode"": ""23164""}, {""label"": ""office"", ""postcode"": ""78327""}]}"
753,"{""preferences"": {""newsletter"": false, ""categories"": [""Beauty""]}, ""devices"": [{""type"": ""ios"", ""last_seen"": ""2026-09-10""}, {""type"": ""ios"", ""last_seen"": ""2026-02-13""}]}"
754,"{""addresses"": [{""label"": ""office"", ""postcode"": ""83103""}]}"
755,"{""preferences"": {""newsletter"": false, ""categories"": [""Toys"", ""Beauty"", ""Sports""]}, ""marketing"": {""campaign"": ""refer-a-friend"", ""ab_bucket"": ""A""}}"
756,"{""preferences"": {""newsletter"": true, ""categories"": [""Sports""]}, ""addresses"": [{""label"": ""home"", ""postcode"": ""70913""}, {""label"": ""parents"", ""postcode"": ""51799""}]}"
757,{}
758,"{""preferences"": {""newsletter"": false, ""categories"": [""Sports"", ""Toys""]}, ""devices"": [{""type"": ""android"", ""last_seen"": ""2026-05-06""}, {""type"": ""android"", ""last_seen"": ""2026-02-11""}], ""addresses"": [{""label"": ""office"", ""postcode"": ""93396""}]}"
759,"{""preferences"": {""newsletter"": false, ""categories"": [""Toys""]}, ""devices"": [{""type"": ""web"", ""last_seen"": ""2025-10-11""}], ""addresses"": [{""label"": ""office"", ""postcode"": ""95843""}, {""label"": ""home"", ""postcode"": ""16450""}]}"
760,"{""preferences"": {""newsletter"": false, ""categories"": [""Home & Living"", ""Books""]}, ""devices"": [{""type"": ""web"", ""last_seen"": ""2026-02-05""}], ""addresses"": [{""label"": ""parents"", ""postcode"": ""23437""}]}"
761,"{""preferences"": {""newsletter"": false, ""categories"": [""Electronics""]}, ""devices"": [{""type"": ""android"", ""last_seen"": ""2026-09-01""}]}"
762,"{""devices"": [{""type"": ""ios"", ""last_seen"": ""2026-07-29""}], ""addresses"": [{""label"": ""office"", ""postcode"": ""77155""}, {""label"": ""parents"", ""postcode"": ""13071""}]}"
763,"{""preferences"": {""newsletter"": true, ""categories"": [""Fashion"", ""Books""]}}"
764,{}
765,"{""preferences"": {""newsletter"": true, ""categories"": [""Sports""]}, ""devices"": [{""type"": ""ios"", ""last_seen"": ""2026-07-15""}], ""marketing"": {""campaign"": ""refer-a-friend"", ""ab_bucket"": ""A""}, ""addresses"": [{""label"": ""parents"", ""postcode"": ""78603""}, {""label"": ""office"", ""postcode"": ""84270""}]}"
766,"{""preferences"": {""newsletter"": true, ""categories"": [""Groceries"", ""Books""]}, ""devices"": [{""type"": ""web"", ""last_seen"": ""2026-06-08""}], ""addresses"": [{""label"": ""office"", ""postcode"": ""70472""}]}"
767,"{""preferences"": {""newsletter"": true, ""categories"": [""Fashion"", ""Beauty"", ""Books""]}, ""marketing"": {""campaign"": ""app-install"", ""ab_bucket"": ""A""}, ""addresses"": [{""label"": ""home"", ""postcode"": ""65598""}, {""label"": ""parents"", ""postcode"": ""74904""}]}"
768,"{""preferences"": {""newsletter"": true, ""categories"": [""Fashion"", ""Beauty""]}}"
769,"{""preferences"": {""newsletter"": false, ""categories"": [""Toys""]}}"
770,"{""addresses"": [{""label"": ""home"", ""postcode"": ""50873""}, {""label"": ""parents"", ""postcode"": ""34598""}]}"
771,"{""preferences"": {""newsletter"": true, ""categories"": [""Beauty"", ""Home & Living""]}, ""addresses"": [{""label"": ""parents"", ""postcode"": ""58139""}, {""label"": ""office"", ""postcode"": ""91854""}]}"
772,"{""preferences"": {""newsletter"": true, ""categories"": [""Beauty"", ""Home & Living"", ""Fashion""]}, ""devices"": [{""type"": ""ios"", ""last_seen"": ""2026-06-25""}]}"
773,"{""addresses"": [{""label"": ""home"", ""postcode"": ""21971""}]}"
774,"{""devices"": [{""type"": ""android"", ""last_seen"": ""2026-09-06""}, {""type"": ""android"", ""last_seen"": ""2026-03-17""}]}"
775,"{""preferences"": {""newsletter"": false, ""categories"": [""Fashion"", ""Sports""]}}"
776,{}
777,"{""preferences"": {""newsletter"": true, ""categories"": [""Beauty"", ""Books"", ""Home & Living""]}, ""devices"": [{""type"": ""ios"", ""last_seen"": ""2026-05-15""}], ""addresses"": [{""label"": ""office"", ""postcode"": ""58348""}, {""label"": ""home"", ""postcode"": ""43260""}]}"
778,"{""preferences"": {""newsletter"": false, ""categories"": [""Sports"", ""Home & Living"", ""Toys""]}, ""devices"": [{""type"": ""web"", ""last_seen"": ""2026-05-30""}]}"
779,"{""devices"": [{""type"": ""web"", ""last_seen"": ""2025-12-18""}], ""addresses"": [{""label"": ""home"", ""postcode"": ""64994""}]}"
780,"{""preferences"": {""newsletter"": false, ""categories"": [""Electronics"", ""Home & Living"", ""Toys""]}}"
781,"{""preferences"": {""newsletter"": false, ""categories"": [""Electronics"", ""Books"", ""Fashion""]}}"
782,"{""preferences"": {""newsletter"": false, ""categories"": [""Sports""]}, ""devices"": [{""type"": ""ios"", ""last_seen"": ""2026-03-24""}, {""type"": ""android"", ""last_seen"": ""2026-07-18""}], ""addresses"": [{""label"": ""home"", ""postcode"": ""21870""}, {""label"": ""parents"", ""postcode"": ""33920""}]}"
783,"{""marketing"": {""campaign"": ""refer-a-friend"", ""ab_bucket"": ""B""}, ""addresses"": [{""label"": ""office"", ""postcode"": ""99245""}]}"
784,"{""devices"": [{""type"": ""web"", ""last_seen"": ""2026-03-11""}]}"
785,"{""preferences"": {""newsletter"": true, ""categories"": [""Toys"", ""Groceries""]}}"
786,"{""preferences"": {""newsletter"": false, ""categories"": [""Sports"", ""Fashion""]}, ""devices"": [{""type"": ""ios"", ""last_seen"": ""2026-06-20""}, {""type"": ""ios"", ""last_seen"": ""2026-02-10""}], ""marketing"": {""campaign"": ""refer-a-friend"", ""ab_bucket"": ""A""}}"
787,"{""preferences"": {""newsletter"": true, ""categories"": [""Electronics"", ""Home & Living"", ""Toys""]}, ""devices"": [{""type"": ""ios"", ""last_seen"": ""2025-12-21""}, {""type"": ""android"", ""last_seen"": ""2026-06-01""}]}"
788,{}
789,"{""preferences"": {""newsletter"": true, ""categories"": [""Groceries"", ""Home & Living"", ""Electronics""]}}"
790,"{""preferences"": {""newsletter"": true, ""categories"": [""Home & Living"", ""Books"", ""Sports""]}, ""addresses"": [{""label"": ""home"", ""postcode"": ""96954""}]}"
791,"{""marketing"": {""campaign"": ""1111-early-access"", ""ab_bucket"": ""A""}, ""addresses"": [{""label"": ""office"", ""postcode"": ""50308""}]}"
792,"{""preferences"": {""newsletter"": false, ""categories"": [""Electronics"", ""Beauty""]}, ""devices"": [{""type"": ""android"", ""last_seen"": ""2026-07-09""}]}"
793,"{""preferences"": {""newsletter"": true, ""categories"": [""Groceries""]}}"
794,"{""marketing"": {""campaign"": ""app-install"", ""ab_bucket"": ""A""}}"
795,"{""preferences"": {""newsletter"": true, ""categories"": [""Home & Living""]}, ""marketing"": {""campaign"": ""refer-a-friend"", ""ab_bucket"": ""B""}, ""addresses"": [{""label"": ""parents"", ""postcode"": ""65798""}, {""label"": ""home"", ""postcode"": ""29758""}]}"
796,"{""preferences"": {""newsletter"": true, ""categories"": [""Fashion"", ""Beauty"", ""Electronics""]}, ""devices"": [{""type"": ""web"", ""last_seen"": ""2026-04-26""}], ""addresses"": [{""label"": ""home"", ""postcode"": ""99954""}, {""label"": ""office"", ""postcode"": ""69597""}]}"
797,"{""preferences"": {""newsletter"": true, ""categories"": [""Fashion"", ""Sports"", ""Beauty""]}}"
798,"{""preferences"": {""newsletter"": false, ""categories"": [""Electronics""]}, ""devices"": [{""type"": ""ios"", ""last_seen"": ""2026-06-21""}, {""type"": ""web"", ""last_seen"": ""2026-05-21""}]}"
799,"{""preferences"": {""newsletter"": true, ""categories"": [""Sports"", ""Groceries""]}, ""addresses"": [{""label"": ""office"", ""postcode"": ""68559""}, {""label"": ""home"", ""postcode"": ""52550""}]}"
800,"{""preferences"": {""newsletter"": true, ""categories"": [""Fashion""]}, ""marketing"": {""campaign"": ""1111-early-access"", ""ab_bucket"": ""B""}}"
801,"{""marketing"": {""campaign"": ""refer-a-friend"", ""ab_bucket"": ""B""}, ""addresses"": [{""label"": ""office"", ""postcode"": ""77191""}]}"
802,"{""preferences"": {""newsletter"": false, ""categories"": [""Fashion"", ""Groceries""]}}"
803,"{""preferences"": {""newsletter"": true, ""categories"": [""Books"", ""Fashion"", ""Beauty""]}, ""devices"": [{""type"": ""android"", ""last_seen"": ""2026-06-14""}]}"
804,"{""preferences"": {""newsletter"": true, ""categories"": [""Books"", ""Sports""]}, ""addresses"": [{""label"": ""home"", ""postcode"": ""52547""}]}"
805,"{""preferences"": {""newsletter"": false, ""categories"": [""Groceries"", ""Beauty""]}, ""marketing"": {""campaign"": ""refer-a-friend"", ""ab_bucket"": ""B""}, ""addresses"": [{""label"": ""home"", ""postcode"": ""75401""}, {""label"": ""office"", ""postcode"": ""37608""}]}"
806,{}
807,"{""addresses"": [{""label"": ""parents"", ""postcode"": ""56088""}]}"
808,"{""preferences"": {""newsletter"": false, ""categories"": [""Groceries""]}, ""marketing"": {""campaign"": ""app-install"", ""ab_bucket"": ""A""}, ""addresses"": [{""label"": ""home"", ""postcode"": ""24500""}]}"
809,{}
810,"{""addresses"": [{""label"": ""home"", ""postcode"": ""74858""}, {""label"": ""office"", ""postcode"": ""70806""}]}"
811,"{""preferences"": {""newsletter"": true, ""categories"": [""Home & Living"", ""Toys""]}}"
812,"{""preferences"": {""newsletter"": false, ""categories"": [""Groceries"", ""Electronics"", ""Home & Living""]}, ""marketing"": {""campaign"": ""app-install"", ""ab_bucket"": ""B""}}"
813,"{""preferences"": {""newsletter"": true, ""categories"": [""Books""]}, ""devices"": [{""type"": ""ios"", ""last_seen"": ""2026-05-30""}]}"
814,"{""preferences"": {""newsletter"": false, ""categories"": [""Beauty"", ""Groceries""]}, ""devices"": [{""type"": ""web"", ""last_seen"": ""2026-08-25""}, {""type"": ""ios"", ""last_seen"": ""2026-08-06""}]}"
815,"{""preferences"": {""newsletter"": true, ""categories"": [""Books"", ""Groceries"", ""Beauty""]}, ""devices"": [{""type"": ""android"", ""last_seen"": ""2026-07-03""}, {""type"": ""ios"", ""last_seen"": ""2026-08-07""}]}"
816,"{""marketing"": {""campaign"": ""refer-a-friend"", ""ab_bucket"": ""B""}}"
817,"{""devices"": [{""type"": ""android"", ""last_seen"": ""2026-04-30""}], ""addresses"": [{""label"": ""office"", ""postcode"": ""37536""}]}"
818,"{""preferences"": {""newsletter"": true, ""categories"": [""Toys"", ""Home & Living""]}}"
819,"{""preferences"": {""newsletter"": true, ""categories"": [""Toys"", ""Books""]}, ""devices"": [{""type"": ""web"", ""last_seen"": ""2026-08-21""}]}"
820,"{""preferences"": {""newsletter"": true, ""categories"": [""Beauty"", ""Electronics"", ""Fashion""]}, ""marketing"": {""campaign"": ""1111-early-access"", ""ab_bucket"": ""B""}}"
821,{}
822,"{""preferences"": {""newsletter"": true, ""categories"": [""Electronics"", ""Toys""]}, ""addresses"": [{""label"": ""home"", ""postcode"": ""46479""}]}"
823,"{""preferences"": {""newsletter"": false, ""categories"": [""Beauty""]}, ""addresses"": [{""label"": ""office"", ""postcode"": ""76508""}]}"
824,"{""marketing"": {""campaign"": ""app-install"", ""ab_bucket"": ""A""}, ""addresses"": [{""label"": ""parents"", ""postcode"": ""95302""}]}"
825,"{""preferences"": {""newsletter"": true, ""categories"": [""Beauty"", ""Toys"", ""Electronics""]}, ""marketing"": {""campaign"": ""refer-a-friend"", ""ab_bucket"": ""A""}, ""addresses"": [{""label"": ""parents"", ""postcode"": ""86188""}]}"
826,"{""preferences"": {""newsletter"": true, ""categories"": [""Books""]}, ""devices"": [{""type"": ""ios"", ""last_seen"": ""2026-07-05""}]}"
827,{}
828,"{""preferences"": {""newsletter"": true, ""categories"": [""Toys""]}}"
829,"{""preferences"": {""newsletter"": false, ""categories"": [""Home & Living""]}}"
830,"{""preferences"": {""newsletter"": false, ""categories"": [""Home & Living"", ""Fashion""]}, ""addresses"": [{""label"": ""office"", ""postcode"": ""23489""}, {""label"": ""parents"", ""postcode"": ""99751""}]}"
831,{}
832,"{""preferences"": {""newsletter"": false, ""categories"": [""Sports""]}, ""addresses"": [{""label"": ""office"", ""postcode"": ""53741""}]}"
833,"{""preferences"": {""newsletter"": true, ""categories"": [""Electronics"", ""Beauty""]}, ""devices"": [{""type"": ""android"", ""last_seen"": ""2026-02-18""}], ""marketing"": {""campaign"": ""app-install"", ""ab_bucket"": ""A""}, ""addresses"": [{""label"": ""office"", ""postcode"": ""13103""}, {""label"": ""parents"", ""postcode"": ""52184""}]}"
834,"{""preferences"": {""newsletter"": true, ""categories"": [""Fashion"", ""Electronics""]}, ""devices"": [{""type"": ""web"", ""last_seen"": ""2026-06-03""}, {""type"": ""web"", ""last_seen"": ""2026-07-31""}]}"
835,"{""preferences"": {""newsletter"": false, ""categories"": [""Groceries"", ""Electronics"", ""Books""]}, ""devices"": [{""type"": ""android"", ""last_seen"": ""2026-07-03""}, {""type"": ""android"", ""last_seen"": ""2026-05-13""}], ""addresses"": [{""label"": ""parents"", ""postcode"": ""19697""}]}"
836,"{""preferences"": {""newsletter"": false, ""categories"": [""Beauty"", ""Home & Living""]}, ""addresses"": [{""label"": ""parents"", ""postcode"": ""28411""}, {""label"": ""home"", ""postcode"": ""18913""}]}"
837,"{""preferences"": {""newsletter"": false, ""categories"": [""Toys""]}, ""addresses"": [{""label"": ""office"", ""postcode"": ""28385""}, {""label"": ""home"", ""postcode"": ""25622""}]}"
838,"{""devices"": [{""type"": ""ios"", ""last_seen"": ""2026-07-17""}, {""type"": ""android"", ""last_seen"": ""2025-10-17""}]}"
839,"{""preferences"": {""newsletter"": true, ""categories"": [""Fashion"", ""Sports"", ""Books""]}, ""addresses"": [{""label"": ""parents"", ""postcode"": ""19579""}, {""label"": ""home"", ""postcode"": ""99647""}]}"
840,"{""preferences"": {""newsletter"": true, ""categories"": [""Toys""]}}"
841,"{""preferences"": {""newsletter"": true, ""categories"": [""Home & Living"", ""Books""]}}"
842,{}
843,"{""devices"": [{""type"": ""web"", ""last_seen"": ""2026-03-28""}], ""addresses"": [{""label"": ""home"", ""postcode"": ""36437""}, {""label"": ""parents"", ""postcode"": ""49705""}]}"
844,"{""devices"": [{""type"": ""ios"", ""last_seen"": ""2026-04-11""}, {""type"": ""ios"", ""last_seen"": ""2026-05-16""}]}"
845,"{""preferences"": {""newsletter"": false, ""categories"": [""Home & Living""]}}"
846,"{""marketing"": {""campaign"": ""1111-early-access"", ""ab_bucket"": ""B""}}"
847,"{""preferences"": {""newsletter"": false, ""categories"": [""Toys"", ""Home & Living""]}}"
848,"{""devices"": [{""type"": ""web"", ""last_seen"": ""2026-08-28""}, {""type"": ""android"", ""last_seen"": ""2025-10-24""}], ""marketing"": {""campaign"": ""1111-early-access"", ""ab_bucket"": ""A""}}"
849,"{""preferences"": {""newsletter"": false, ""categories"": [""Sports"", ""Home & Living"", ""Books""]}, ""marketing"": {""campaign"": ""1111-early-access"", ""ab_bucket"": ""A""}}"
850,"{""devices"": [{""type"": ""android"", ""last_seen"": ""2026-04-25""}]}"
851,"{""preferences"": {""newsletter"": false, ""categories"": [""Electronics"", ""Sports""]}, ""devices"": [{""type"": ""ios"", ""last_seen"": ""2025-11-21""}], ""marketing"": {""campaign"": ""1111-early-access"", ""ab_bucket"": ""A""}}"
852,"{""preferences"": {""newsletter"": false, ""categories"": [""Electronics"", ""Home & Living"", ""Beauty""]}, ""addresses"": [{""label"": ""parents"", ""postcode"": ""72624""}, {""label"": ""home"", ""postcode"": ""74592""}]}"
853,"{""preferences"": {""newsletter"": true, ""categories"": [""Groceries""]}, ""devices"": [{""type"": ""ios"", ""last_seen"": ""2026-01-24""}]}"
854,"{""preferences"": {""newsletter"": false, ""categories"": [""Toys""]}}"
855,"{""devices"": [{""type"": ""ios"", ""last_seen"": ""2025-12-22""}], ""addresses"": [{""label"": ""office"", ""postcode"": ""34608""}, {""label"": ""parents"", ""postcode"": ""92406""}]}"
856,"{""preferences"": {""newsletter"": false, ""categories"": [""Toys"", ""Home & Living"", ""Fashion""]}, ""devices"": [{""type"": ""web"", ""last_seen"": ""2026-05-22""}, {""type"": ""web"", ""last_seen"": ""2025-11-19""}], ""addresses"": [{""label"": ""home"", ""postcode"": ""65904""}, {""label"": ""office"", ""postcode"": ""94186""}]}"
857,"{""preferences"": {""newsletter"": false, ""categories"": [""Toys""]}, ""devices"": [{""type"": ""web"", ""last_seen"": ""2025-11-12""}, {""type"": ""web"", ""last_seen"": ""2026-01-02""}]}"
858,"{""preferences"": {""newsletter"": false, ""categories"": [""Home & Living"", ""Sports"", ""Groceries""]}}"
859,"{""preferences"": {""newsletter"": false, ""categories"": [""Beauty"", ""Groceries"", ""Toys""]}, ""devices"": [{""type"": ""ios"", ""last_seen"": ""2026-02-20""}, {""type"": ""ios"", ""last_seen"": ""2026-04-24""}]}"
860,"{""preferences"": {""newsletter"": true, ""categories"": [""Sports"", ""Fashion"", ""Toys""]}, ""addresses"": [{""label"": ""home"", ""postcode"": ""73036""}, {""label"": ""parents"", ""postcode"": ""31004""}]}"
861,"{""preferences"": {""newsletter"": false, ""categories"": [""Beauty""]}}"
862,"{""preferences"": {""newsletter"": true, ""categories"": [""Electronics"", ""Toys""]}, ""devices"": [{""type"": ""web"", ""last_seen"": ""2025-11-22""}, {""type"": ""web"", ""last_seen"": ""2026-08-03""}]}"
863,"{""devices"": [{""type"": ""ios"", ""last_seen"": ""2026-04-14""}, {""type"": ""android"", ""last_seen"": ""2025-11-27""}]}"
864,"{""preferences"": {""newsletter"": true, ""categories"": [""Toys"", ""Fashion"", ""Books""]}}"
865,"{""addresses"": [{""label"": ""office"", ""postcode"": ""11694""}, {""label"": ""home"", ""postcode"": ""23255""}]}"
866,"{""preferences"": {""newsletter"": false, ""categories"": [""Books"", ""Sports"", ""Groceries""]}}"
867,"{""preferences"": {""newsletter"": true, ""categories"": [""Fashion""]}, ""marketing"": {""campaign"": ""app-install"", ""ab_bucket"": ""B""}}"
868,"{""preferences"": {""newsletter"": false, ""categories"": [""Groceries"", ""Toys""]}, ""marketing"": {""campaign"": ""1111-early-access"", ""ab_bucket"": ""A""}}"
869,"{""devices"": [{""type"": ""android"", ""last_seen"": ""2026-02-05""}, {""type"": ""android"", ""last_seen"": ""2026-05-17""}], ""addresses"": [{""label"": ""home"", ""postcode"": ""83200""}, {""label"": ""parents"", ""postcode"": ""81732""}]}"
870,"{""preferences"": {""newsletter"": true, ""categories"": [""Toys""]}, ""devices"": [{""type"": ""android"", ""last_seen"": ""2026-03-06""}], ""marketing"": {""campaign"": ""app-install"", ""ab_bucket"": ""A""}}"
871,{}
872,"{""preferences"": {""newsletter"": false, ""categories"": [""Sports"", ""Groceries"", ""Books""]}}"
873,"{""preferences"": {""newsletter"": true, ""categories"": [""Toys"", ""Sports"", ""Home & Living""]}, ""devices"": [{""type"": ""ios"", ""last_seen"": ""2026-02-28""}, {""type"": ""web"", ""last_seen"": ""2026-07-19""}], ""addresses"": [{""label"": ""office"", ""postcode"": ""15344""}]}"
874,"{""marketing"": {""campaign"": ""1111-early-access"", ""ab_bucket"": ""B""}}"
875,"{""preferences"": {""newsletter"": true, ""categories"": [""Beauty"", ""Books"", ""Fashion""]}}"
876,"{""preferences"": {""newsletter"": true, ""categories"": [""Toys""]}, ""marketing"": {""campaign"": ""app-install"", ""ab_bucket"": ""A""}, ""addresses"": [{""label"": ""parents"", ""postcode"": ""85885""}]}"
877,"{""preferences"": {""newsletter"": true, ""categories"": [""Beauty"", ""Toys"", ""Home & Living""]}}"
878,"{""preferences"": {""newsletter"": true, ""categories"": [""Electronics""]}, ""addresses"": [{""label"": ""office"", ""postcode"": ""18359""}, {""label"": ""home"", ""postcode"": ""99392""}]}"
879,"{""preferences"": {""newsletter"": false, ""categories"": [""Home & Living"", ""Beauty""]}, ""devices"": [{""type"": ""android"", ""last_seen"": ""2026-07-03""}, {""type"": ""web"", ""last_seen"": ""2026-09-11""}], ""addresses"": [{""label"": ""home"", ""postcode"": ""10888""}, {""label"": ""office"", ""postcode"": ""89900""}]}"
880,"{""preferences"": {""newsletter"": true, ""categories"": [""Home & Living"", ""Toys""]}, ""devices"": [{""type"": ""ios"", ""last_seen"": ""2025-10-16""}]}"
881,"{""preferences"": {""newsletter"": true, ""categories"": [""Books"", ""Fashion"", ""Home & Living""]}, ""devices"": [{""type"": ""android"", ""last_seen"": ""2025-12-30""}, {""type"": ""web"", ""last_seen"": ""2026-05-09""}]}"
882,"{""preferences"": {""newsletter"": true, ""categories"": [""Sports""]}, ""devices"": [{""type"": ""web"", ""last_seen"": ""2025-10-31""}], ""addresses"": [{""label"": ""parents"", ""postcode"": ""11648""}]}"
883,"{""preferences"": {""newsletter"": false, ""categories"": [""Beauty""]}}"
884,"{""preferences"": {""newsletter"": true, ""categories"": [""Home & Living""]}}"
885,"{""preferences"": {""newsletter"": false, ""categories"": [""Fashion""]}}"
886,"{""marketing"": {""campaign"": ""1111-early-access"", ""ab_bucket"": ""B""}, ""addresses"": [{""label"": ""home"", ""postcode"": ""15451""}, {""label"": ""office"", ""postcode"": ""56965""}]}"
887,"{""devices"": [{""type"": ""web"", ""last_seen"": ""2026-09-01""}]}"
888,"{""preferences"": {""newsletter"": true, ""categories"": [""Sports""]}}"
889,"{""preferences"": {""newsletter"": true, ""categories"": [""Electronics"", ""Sports""]}, ""marketing"": {""campaign"": ""1111-early-access"", ""ab_bucket"": ""B""}}"
890,"{""preferences"": {""newsletter"": true, ""categories"": [""Groceries"", ""Fashion""]}, ""devices"": [{""type"": ""web"", ""last_seen"": ""2026-05-11""}]}"
891,"{""preferences"": {""newsletter"": false, ""categories"": [""Toys""]}, ""devices"": [{""type"": ""android"", ""last_seen"": ""2026-01-14""}]}"
892,"{""preferences"": {""newsletter"": true, ""categories"": [""Home & Living"", ""Beauty""]}}"
893,"{""preferences"": {""newsletter"": false, ""categories"": [""Sports"", ""Fashion"", ""Toys""]}}"
894,"{""preferences"": {""newsletter"": false, ""categories"": [""Groceries"", ""Electronics"", ""Toys""]}, ""marketing"": {""campaign"": ""app-install"", ""ab_bucket"": ""A""}, ""addresses"": [{""label"": ""home"", ""postcode"": ""30830""}]}"
895,"{""preferences"": {""newsletter"": false, ""categories"": [""Groceries"", ""Home & Living"", ""Sports""]}, ""devices"": [{""type"": ""ios"", ""last_seen"": ""2025-12-01""}, {""type"": ""android"", ""last_seen"": ""2026-01-12""}]}"
896,"{""preferences"": {""newsletter"": true, ""categories"": [""Home & Living"", ""Electronics""]}, ""addresses"": [{""label"": ""office"", ""postcode"": ""67936""}, {""label"": ""home"", ""postcode"": ""88250""}]}"
897,"{""marketing"": {""campaign"": ""1111-early-access"", ""ab_bucket"": ""A""}, ""addresses"": [{""label"": ""home"", ""postcode"": ""70559""}, {""label"": ""office"", ""postcode"": ""36299""}]}"
898,"{""preferences"": {""newsletter"": false, ""categories"": [""Books"", ""Electronics""]}, ""marketing"": {""campaign"": ""1111-early-access"", ""ab_bucket"": ""B""}}"
899,"{""preferences"": {""newsletter"": true, ""categories"": [""Home & Living"", ""Toys"", ""Books""]}, ""devices"": [{""type"": ""ios"", ""last_seen"": ""2026-09-16""}], ""marketing"": {""campaign"": ""refer-a-friend"", ""ab_bucket"": ""A""}}"
900,"{""preferences"": {""newsletter"": true, ""categories"": [""Groceries"", ""Home & Living""]}}"
901,"{""preferences"": {""newsletter"": true, ""categories"": [""Books""]}, ""addresses"": [{""label"": ""office"", ""postcode"": ""43713""}]}"
902,"{""preferences"": {""newsletter"": false, ""categories"": [""Beauty"", ""Books"", ""Fashion""]}}"
903,"{""preferences"": {""newsletter"": true, ""categories"": [""Groceries"", ""Fashion"", ""Toys""]}, ""marketing"": {""campaign"": ""app-install"", ""ab_bucket"": ""A""}}"
904,"{""addresses"": [{""label"": ""office"", ""postcode"": ""24240""}]}"
905,"{""marketing"": {""campaign"": ""refer-a-friend"", ""ab_bucket"": ""A""}}"
906,"{""preferences"": {""newsletter"": true, ""categories"": [""Home & Living"", ""Toys"", ""Beauty""]}, ""addresses"": [{""label"": ""office"", ""postcode"": ""27112""}, {""label"": ""home"", ""postcode"": ""73790""}]}"
907,"{""addresses"": [{""label"": ""home"", ""postcode"": ""53451""}]}"
908,"{""devices"": [{""type"": ""android"", ""last_seen"": ""2026-08-16""}]}"
909,"{""preferences"": {""newsletter"": false, ""categories"": [""Home & Living""]}}"
910,"{""preferences"": {""newsletter"": false, ""categories"": [""Home & Living""]}, ""marketing"": {""campaign"": ""1111-early-access"", ""ab_bucket"": ""A""}}"
911,"{""preferences"": {""newsletter"": true, ""categories"": [""Home & Living"", ""Beauty"", ""Electronics""]}}"
912,"{""preferences"": {""newsletter"": false, ""categories"": [""Beauty""]}}"
913,"{""preferences"": {""newsletter"": true, ""categories"": [""Beauty"", ""Sports""]}, ""devices"": [{""type"": ""android"", ""last_seen"": ""2026-03-13""}], ""addresses"": [{""label"": ""parents"", ""postcode"": ""50191""}]}"
914,"{""preferences"": {""newsletter"": false, ""categories"": [""Electronics"", ""Fashion""]}, ""addresses"": [{""label"": ""office"", ""postcode"": ""59895""}]}"
915,"{""preferences"": {""newsletter"": true, ""categories"": [""Groceries"", ""Beauty"", ""Toys""]}, ""devices"": [{""type"": ""web"", ""last_seen"": ""2026-02-11""}, {""type"": ""web"", ""last_seen"": ""2026-01-07""}], ""addresses"": [{""label"": ""parents"", ""postcode"": ""97323""}, {""label"": ""home"", ""postcode"": ""51761""}]}"
916,"{""preferences"": {""newsletter"": true, ""categories"": [""Home & Living""]}, ""marketing"": {""campaign"": ""1111-early-access"", ""ab_bucket"": ""A""}, ""addresses"": [{""label"": ""parents"", ""postcode"": ""54713""}]}"
917,"{""preferences"": {""newsletter"": false, ""categories"": [""Fashion"", ""Sports"", ""Electronics""]}, ""devices"": [{""type"": ""ios"", ""last_seen"": ""2025-11-11""}], ""marketing"": {""campaign"": ""app-install"", ""ab_bucket"": ""A""}, ""addresses"": [{""label"": ""home"", ""postcode"": ""16553""}]}"
918,"{""preferences"": {""newsletter"": false, ""categories"": [""Home & Living"", ""Beauty"", ""Books""]}}"
919,"{""preferences"": {""newsletter"": false, ""categories"": [""Beauty"", ""Toys"", ""Electronics""]}, ""marketing"": {""campaign"": ""1111-early-access"", ""ab_bucket"": ""B""}}"
920,"{""preferences"": {""newsletter"": true, ""categories"": [""Sports"", ""Groceries""]}, ""devices"": [{""type"": ""web"", ""last_seen"": ""2025-10-04""}]}"
921,"{""devices"": [{""type"": ""ios"", ""last_seen"": ""2026-09-11""}, {""type"": ""web"", ""last_seen"": ""2026-05-17""}], ""marketing"": {""campaign"": ""app-install"", ""ab_bucket"": ""A""}, ""addresses"": [{""label"": ""parents"", ""postcode"": ""84606""}, {""label"": ""home"", ""postcode"": ""44398""}]}"
922,"{""preferences"": {""newsletter"": true, ""categories"": [""Beauty"", ""Fashion"", ""Sports""]}, ""devices"": [{""type"": ""android"", ""last_seen"": ""2026-05-27""}, {""type"": ""android"", ""last_seen"": ""2026-03-16""}]}"
923,"{""marketing"": {""campaign"": ""1111-early-access"", ""ab_bucket"": ""B""}}"
924,"{""preferences"": {""newsletter"": true, ""categories"": [""Home & Living"", ""Fashion"", ""Electronics""]}, ""devices"": [{""type"": ""ios"", ""last_seen"": ""2026-02-16""}, {""type"": ""android"", ""last_seen"": ""2026-01-10""}], ""marketing"": {""campaign"": ""refer-a-friend"", ""ab_bucket"": ""A""}, ""addresses"": [{""label"": ""home"", ""postcode"": ""73771""}, {""label"": ""parents"", ""postcode"": ""89537""}]}"
925,"{""preferences"": {""newsletter"": false, ""categories"": [""Toys""]}, ""addresses"": [{""label"": ""home"", ""postcode"": ""74291""}, {""label"": ""office"", ""postcode"": ""11699""}]}"
926,"{""preferences"": {""newsletter"": false, ""categories"": [""Sports"", ""Home & Living"", ""Toys""]}, ""devices"": [{""type"": ""android"", ""last_seen"": ""2026-07-17""}], ""addresses"": [{""label"": ""office"", ""postcode"": ""42258""}, {""label"": ""parents"", ""postcode"": ""37453""}]}"
927,{}
928,"{""preferences"": {""newsletter"": false, ""categories"": [""Beauty"", ""Groceries"", ""Fashion""]}, ""addresses"": [{""label"": ""office"", ""postcode"": ""29445""}]}"
929,"{""marketing"": {""campaign"": ""refer-a-friend"", ""ab_bucket"": ""A""}}"
930,"{""preferences"": {""newsletter"": true, ""categories"": [""Books"", ""Sports""]}, ""devices"": [{""type"": ""android"", ""last_seen"": ""2026-06-06""}, {""type"": ""android"", ""last_seen"": ""2026-08-06""}], ""addresses"": [{""label"": ""parents"", ""postcode"": ""89309""}]}"
931,"{""preferences"": {""newsletter"": true, ""categories"": [""Groceries"", ""Toys""]}, ""marketing"": {""campaign"": ""refer-a-friend"", ""ab_bucket"": ""A""}, ""addresses"": [{""label"": ""home"", ""postcode"": ""95411""}]}"
932,"{""preferences"": {""newsletter"": false, ""categories"": [""Home & Living"", ""Sports"", ""Beauty""]}, ""marketing"": {""campaign"": ""refer-a-friend"", ""ab_bucket"": ""B""}, ""addresses"": [{""label"": ""office"", ""postcode"": ""86871""}, {""label"": ""home"", ""postcode"": ""26847""}]}"
933,"{""preferences"": {""newsletter"": false, ""categories"": [""Electronics"", ""Toys""]}, ""addresses"": [{""label"": ""parents"", ""postcode"": ""47081""}]}"
934,"{""devices"": [{""type"": ""ios"", ""last_seen"": ""2025-12-11""}], ""marketing"": {""campaign"": ""app-install"", ""ab_bucket"": ""A""}}"
935,"{""preferences"": {""newsletter"": true, ""categories"": [""Electronics"", ""Sports""]}}"
936,"{""devices"": [{""type"": ""web"", ""last_seen"": ""2026-09-15""}], ""addresses"": [{""label"": ""office"", ""postcode"": ""15556""}]}"
937,"{""preferences"": {""newsletter"": true, ""categories"": [""Groceries"", ""Electronics""]}, ""addresses"": [{""label"": ""parents"", ""postcode"": ""15259""}, {""label"": ""home"", ""postcode"": ""36230""}]}"
938,"{""preferences"": {""newsletter"": false, ""categories"": [""Home & Living"", ""Beauty"", ""Fashion""]}, ""devices"": [{""type"": ""web"", ""last_seen"": ""2026-08-15""}]}"
939,"{""preferences"": {""newsletter"": false, ""categories"": [""Fashion"", ""Toys""]}, ""devices"": [{""type"": ""android"", ""last_seen"": ""2026-08-05""}]}"
940,"{""marketing"": {""campaign"": ""app-install"", ""ab_bucket"": ""B""}}"
941,"{""preferences"": {""newsletter"": true, ""categories"": [""Beauty"", ""Sports""]}, ""devices"": [{""type"": ""ios"", ""last_seen"": ""2026-01-01""}], ""addresses"": [{""label"": ""parents"", ""postcode"": ""70015""}, {""label"": ""office"", ""postcode"": ""61216""}]}"
942,"{""marketing"": {""campaign"": ""app-install"", ""ab_bucket"": ""A""}}"
943,"{""preferences"": {""newsletter"": true, ""categories"": [""Home & Living"", ""Electronics"", ""Groceries""]}, ""devices"": [{""type"": ""android"", ""last_seen"": ""2026-04-09""}], ""marketing"": {""campaign"": ""refer-a-friend"", ""ab_bucket"": ""A""}, ""addresses"": [{""label"": ""home"", ""postcode"": ""49590""}]}"
944,"{""devices"": [{""type"": ""android"", ""last_seen"": ""2025-12-29""}], ""marketing"": {""campaign"": ""1111-early-access"", ""ab_bucket"": ""A""}}"
945,"{""preferences"": {""newsletter"": false, ""categories"": [""Beauty""]}, ""devices"": [{""type"": ""ios"", ""last_seen"": ""2025-10-20""}, {""type"": ""android"", ""last_seen"": ""2026-05-10""}]}"
946,"{""addresses"": [{""label"": ""home"", ""postcode"": ""34650""}, {""label"": ""office"", ""postcode"": ""40778""}]}"
947,{}
948,"{""preferences"": {""newsletter"": false, ""categories"": [""Home & Living"", ""Books"", ""Toys""]}}"
949,"{""preferences"": {""newsletter"": true, ""categories"": [""Home & Living"", ""Groceries""]}}"
950,"{""preferences"": {""newsletter"": true, ""categories"": [""Books"", ""Groceries""]}}"
951,"{""preferences"": {""newsletter"": false, ""categories"": [""Home & Living""]}}"
952,"{""preferences"": {""newsletter"": false, ""categories"": [""Electronics"", ""Home & Living"", ""Sports""]}, ""marketing"": {""campaign"": ""1111-early-access"", ""ab_bucket"": ""B""}}"
953,"{""preferences"": {""newsletter"": false, ""categories"": [""Toys""]}}"
954,"{""preferences"": {""newsletter"": true, ""categories"": [""Fashion"", ""Beauty"", ""Books""]}, ""addresses"": [{""label"": ""office"", ""postcode"": ""81036""}, {""label"": ""home"", ""postcode"": ""93656""}]}"
955,"{""marketing"": {""campaign"": ""refer-a-friend"", ""ab_bucket"": ""A""}}"
956,"{""preferences"": {""newsletter"": true, ""categories"": [""Books"", ""Toys"", ""Sports""]}}"
957,"{""preferences"": {""newsletter"": false, ""categories"": [""Groceries""]}}"
958,"{""devices"": [{""type"": ""web"", ""last_seen"": ""2025-11-17""}, {""type"": ""ios"", ""last_seen"": ""2026-02-03""}]}"
959,"{""preferences"": {""newsletter"": true, ""categories"": [""Books"", ""Fashion"", ""Sports""]}, ""marketing"": {""campaign"": ""1111-early-access"", ""ab_bucket"": ""A""}}"
960,"{""addresses"": [{""label"": ""parents"", ""postcode"": ""77729""}]}"
961,"{""preferences"": {""newsletter"": true, ""categories"": [""Home & Living"", ""Groceries"", ""Electronics""]}, ""devices"": [{""type"": ""ios"", ""last_seen"": ""2025-10-03""}, {""type"": ""android"", ""last_seen"": ""2026-08-31""}]}"
962,"{""preferences"": {""newsletter"": false, ""categories"": [""Fashion"", ""Electronics"", ""Books""]}, ""devices"": [{""type"": ""android"", ""last_seen"": ""2026-06-12""}]}"
963,"{""preferences"": {""newsletter"": true, ""categories"": [""Groceries"", ""Electronics""]}, ""devices"": [{""type"": ""web"", ""last_seen"": ""2026-04-02""}, {""type"": ""android"", ""last_seen"": ""2026-04-24""}], ""addresses"": [{""label"": ""home"", ""postcode"": ""13160""}]}"
964,"{""preferences"": {""newsletter"": true, ""categories"": [""Home & Living""]}, ""marketing"": {""campaign"": ""1111-early-access"", ""ab_bucket"": ""A""}, ""addresses"": [{""label"": ""home"", ""postcode"": ""11467""}, {""label"": ""office"", ""postcode"": ""58740""}]}"
965,"{""preferences"": {""newsletter"": true, ""categories"": [""Toys""]}}"
966,"{""preferences"": {""newsletter"": false, ""categories"": [""Home & Living""]}, ""addresses"": [{""label"": ""office"", ""postcode"": ""77290""}]}"
967,"{""preferences"": {""newsletter"": true, ""categories"": [""Groceries"", ""Electronics""]}, ""marketing"": {""campaign"": ""refer-a-friend"", ""ab_bucket"": ""B""}, ""addresses"": [{""label"": ""office"", ""postcode"": ""89486""}, {""label"": ""parents"", ""postcode"": ""39454""}]}"
968,"{""preferences"": {""newsletter"": false, ""categories"": [""Beauty""]}}"
969,"{""marketing"": {""campaign"": ""refer-a-friend"", ""ab_bucket"": ""B""}, ""addresses"": [{""label"": ""office"", ""postcode"": ""50388""}, {""label"": ""parents"", ""postcode"": ""71592""}]}"
970,"{""preferences"": {""newsletter"": false, ""categories"": [""Home & Living"", ""Beauty"", ""Books""]}, ""devices"": [{""type"": ""android"", ""last_seen"": ""2026-06-30""}, {""type"": ""web"", ""last_seen"": ""2026-08-12""}], ""addresses"": [{""label"": ""office"", ""postcode"": ""87913""}, {""label"": ""parents"", ""postcode"": ""77307""}]}"
971,"{""preferences"": {""newsletter"": true, ""categories"": [""Groceries"", ""Home & Living""]}, ""devices"": [{""type"": ""web"", ""last_seen"": ""2026-09-03""}, {""type"": ""ios"", ""last_seen"": ""2026-08-10""}], ""addresses"": [{""label"": ""home"", ""postcode"": ""81142""}, {""label"": ""office"", ""postcode"": ""82470""}]}"
972,"{""devices"": [{""type"": ""ios"", ""last_seen"": ""2026-08-03""}]}"
973,"{""preferences"": {""newsletter"": false, ""categories"": [""Toys"", ""Fashion"", ""Home & Living""]}}"
974,{}
975,"{""preferences"": {""newsletter"": true, ""categories"": [""Books""]}, ""addresses"": [{""label"": ""office"", ""postcode"": ""17143""}]}"
976,"{""preferences"": {""newsletter"": false, ""categories"": [""Beauty"", ""Electronics""]}, ""addresses"": [{""label"": ""parents"", ""postcode"": ""47249""}, {""label"": ""office"", ""postcode"": ""66335""}]}"
977,"{""devices"": [{""type"": ""ios"", ""last_seen"": ""2025-10-12""}], ""addresses"": [{""label"": ""home"", ""postcode"": ""60236""}]}"
978,"{""preferences"": {""newsletter"": false, ""categories"": [""Fashion"", ""Electronics""]}, ""devices"": [{""type"": ""ios"", ""last_seen"": ""2026-02-01""}, {""type"": ""android"", ""last_seen"": ""2026-08-09""}], ""marketing"": {""campaign"": ""1111-early-access"", ""ab_bucket"": ""A""}, ""addresses"": [{""label"": ""home"", ""postcode"": ""97970""}]}"
979,"{""preferences"": {""newsletter"": false, ""categories"": [""Books"", ""Beauty""]}, ""devices"": [{""type"": ""web"", ""last_seen"": ""2026-04-13""}, {""type"": ""ios"", ""last_seen"": ""2026-07-05""}], ""addresses"": [{""label"": ""office"", ""postcode"": ""52215""}, {""label"": ""parents"", ""postcode"": ""12715""}]}"
980,"{""preferences"": {""newsletter"": true, ""categories"": [""Groceries"", ""Fashion"", ""Beauty""]}, ""devices"": [{""type"": ""android"", ""last_seen"": ""2026-04-26""}, {""type"": ""android"", ""last_seen"": ""2026-02-05""}]}"
981,"{""preferences"": {""newsletter"": false, ""categories"": [""Electronics"", ""Beauty""]}, ""addresses"": [{""label"": ""parents"", ""postcode"": ""65592""}, {""label"": ""office"", ""postcode"": ""21725""}]}"
982,"{""preferences"": {""newsletter"": true, ""categories"": [""Beauty""]}}"
983,"{""preferences"": {""newsletter"": true, ""categories"": [""Sports"", ""Beauty"", ""Fashion""]}, ""devices"": [{""type"": ""android"", ""last_seen"": ""2026-01-04""}, {""type"": ""ios"", ""last_seen"": ""2026-04-28""}]}"
984,"{""addresses"": [{""label"": ""office"", ""postcode"": ""40965""}, {""label"": ""home"", ""postcode"": ""12252""}]}"
985,{}
986,"{""preferences"": {""newsletter"": false, ""categories"": [""Electronics"", ""Sports""]}, ""marketing"": {""campaign"": ""1111-early-access"", ""ab_bucket"": ""A""}, ""addresses"": [{""label"": ""home"", ""postcode"": ""41709""}]}"
987,"{""marketing"": {""campaign"": ""app-install"", ""ab_bucket"": ""A""}, ""addresses"": [{""label"": ""home"", ""postcode"": ""47644""}, {""label"": ""parents"", ""postcode"": ""70394""}]}"
988,{}
989,"{""preferences"": {""newsletter"": true, ""categories"": [""Books"", ""Fashion"", ""Electronics""]}, ""devices"": [{""type"": ""android"", ""last_seen"": ""2025-11-29""}, {""type"": ""web"", ""last_seen"": ""2026-04-30""}], ""addresses"": [{""label"": ""office"", ""postcode"": ""73861""}]}"
990,"{""preferences"": {""newsletter"": false, ""categories"": [""Home & Living"", ""Toys"", ""Books""]}, ""devices"": [{""type"": ""ios"", ""last_seen"": ""2026-01-25""}], ""addresses"": [{""label"": ""office"", ""postcode"": ""58702""}, {""label"": ""parents"", ""postcode"": ""36829""}]}"
991,"{""addresses"": [{""label"": ""office"", ""postcode"": ""20239""}, {""label"": ""parents"", ""postcode"": ""88412""}]}"
992,"{""devices"": [{""type"": ""ios"", ""last_seen"": ""2026-03-08""}, {""type"": ""web"", ""last_seen"": ""2025-12-24""}], ""marketing"": {""campaign"": ""1111-early-access"", ""ab_bucket"": ""A""}}"
993,"{""preferences"": {""newsletter"": true, ""categories"": [""Books"", ""Home & Living"", ""Sports""]}, ""devices"": [{""type"": ""ios"", ""last_seen"": ""2026-06-22""}, {""type"": ""web"", ""last_seen"": ""2025-12-03""}]}"
994,"{""preferences"": {""newsletter"": true, ""categories"": [""Groceries""]}, ""devices"": [{""type"": ""web"", ""last_seen"": ""2026-08-22""}, {""type"": ""android"", ""last_seen"": ""2025-12-13""}], ""marketing"": {""campaign"": ""1111-early-access"", ""ab_bucket"": ""A""}}"
995,"{""preferences"": {""newsletter"": false, ""categories"": [""Home & Living"", ""Beauty""]}}"
996,"{""devices"": [{""type"": ""web"", ""last_seen"": ""2026-06-10""}], ""marketing"": {""campaign"": ""app-install"", ""ab_bucket"": ""B""}}"
997,"{""preferences"": {""newsletter"": false, ""categories"": [""Toys"", ""Books"", ""Groceries""]}, ""devices"": [{""type"": ""web"", ""last_seen"": ""2026-09-15""}]}"
998,"{""preferences"": {""newsletter"": true, ""categories"": [""Sports"", ""Beauty""]}, ""addresses"": [{""label"": ""office"", ""postcode"": ""29394""}, {""label"": ""home"", ""postcode"": ""82746""}]}"
999,{}
1000,"{""preferences"": {""newsletter"": false, ""categories"": [""Toys""]}, ""marketing"": {""campaign"": ""refer-a-friend"", ""ab_bucket"": ""B""}, ""addresses"": [{""label"": ""home"", ""postcode"": ""58546""}, {""label"": ""office"", ""postcode"": ""25496""}]}"
1001,"{""preferences"": {""newsletter"": true, ""categories"": [""Beauty"", ""Home & Living""]}, ""devices"": [{""type"": ""android"", ""last_seen"": ""2025-12-21""}]}"
1002,"{""preferences"": {""newsletter"": false, ""categories"": [""Home & Living"", ""Electronics"", ""Groceries""]}, ""marketing"": {""campaign"": ""refer-a-friend"", ""ab_bucket"": ""B""}}"
1003,"{""preferences"": {""newsletter"": true, ""categories"": [""Fashion"", ""Electronics"", ""Sports""]}, ""devices"": [{""type"": ""ios"", ""last_seen"": ""2026-04-19""}]}"
1004,"{""preferences"": {""newsletter"": true, ""categories"": [""Sports"", ""Fashion"", ""Toys""]}}"
1005,"{""preferences"": {""newsletter"": false, ""categories"": [""Sports"", ""Home & Living""]}}"
1006,"{""preferences"": {""newsletter"": true, ""categories"": [""Fashion"", ""Books"", ""Electronics""]}, ""marketing"": {""campaign"": ""app-install"", ""ab_bucket"": ""A""}, ""addresses"": [{""label"": ""parents"", ""postcode"": ""85926""}, {""label"": ""office"", ""postcode"": ""41359""}]}"
1007,"{""preferences"": {""newsletter"": false, ""categories"": [""Beauty"", ""Books""]}}"
1008,"{""preferences"": {""newsletter"": false, ""categories"": [""Groceries"", ""Books""]}, ""addresses"": [{""label"": ""parents"", ""postcode"": ""96298""}, {""label"": ""office"", ""postcode"": ""51259""}]}"
1009,"{""preferences"": {""newsletter"": true, ""categories"": [""Books""]}, ""addresses"": [{""label"": ""home"", ""postcode"": ""77211""}]}"
1010,"{""preferences"": {""newsletter"": false, ""categories"": [""Toys"", ""Books"", ""Home & Living""]}, ""addresses"": [{""label"": ""parents"", ""postcode"": ""37664""}, {""label"": ""home"", ""postcode"": ""29373""}]}"
1011,"{""preferences"": {""newsletter"": false, ""categories"": [""Beauty"", ""Books"", ""Toys""]}}"
1012,"{""preferences"": {""newsletter"": false, ""categories"": [""Books""]}}"
1013,"{""preferences"": {""newsletter"": false, ""categories"": [""Beauty""]}}"
1014,"{""preferences"": {""newsletter"": true, ""categories"": [""Fashion""]}}"
1015,{}
1016,{}
1017,"{""preferences"": {""newsletter"": false, ""categories"": [""Fashion""]}, ""devices"": [{""type"": ""ios"", ""last_seen"": ""2026-09-02""}, {""type"": ""android"", ""last_seen"": ""2026-09-09""}], ""addresses"": [{""label"": ""home"", ""postcode"": ""57373""}, {""label"": ""parents"", ""postcode"": ""22793""}]}"
1018,"{""preferences"": {""newsletter"": true, ""categories"": [""Electronics""]}, ""marketing"": {""campaign"": ""refer-a-friend"", ""ab_bucket"": ""A""}, ""addresses"": [{""label"": ""office"", ""postcode"": ""75596""}, {""label"": ""home"", ""postcode"": ""80070""}]}"
1019,"{""preferences"": {""newsletter"": true, ""categories"": [""Groceries""]}, ""addresses"": [{""label"": ""parents"", ""postcode"": ""21327""}]}"
1020,"{""preferences"": {""newsletter"": true, ""categories"": [""Toys"", ""Electronics"", ""Home & Living""]}}"
1021,"{""preferences"": {""newsletter"": false, ""categories"": [""Beauty"", ""Groceries"", ""Toys""]}}"
1022,"{""preferences"": {""newsletter"": true, ""categories"": [""Toys"", ""Electronics"", ""Books""]}}"
1023,"{""preferences"": {""newsletter"": false, ""categories"": [""Home & Living""]}}"
1024,"{""preferences"": {""newsletter"": true, ""categories"": [""Groceries"", ""Home & Living"", ""Electronics""]}, ""marketing"": {""campaign"": ""refer-a-friend"", ""ab_bucket"": ""A""}}"
1025,"{""devices"": [{""type"": ""android"", ""last_seen"": ""2026-03-03""}, {""type"": ""android"", ""last_seen"": ""2025-10-12""}], ""marketing"": {""campaign"": ""refer-a-friend"", ""ab_bucket"": ""B""}, ""addresses"": [{""label"": ""home"", ""postcode"": ""78806""}]}"
1026,"{""devices"": [{""type"": ""ios"", ""last_seen"": ""2026-07-23""}], ""marketing"": {""campaign"": ""1111-early-access"", ""ab_bucket"": ""A""}, ""addresses"": [{""label"": ""parents"", ""postcode"": ""81950""}, {""label"": ""home"", ""postcode"": ""85675""}]}"
1027,"{""devices"": [{""type"": ""ios"", ""last_seen"": ""2026-09-02""}, {""type"": ""android"", ""last_seen"": ""2026-02-15""}], ""addresses"": [{""label"": ""parents"", ""postcode"": ""10525""}]}"
1028,"{""preferences"": {""newsletter"": false, ""categories"": [""Beauty"", ""Electronics"", ""Home & Living""]}, ""devices"": [{""type"": ""web"", ""last_seen"": ""2025-10-09""}]}"
1029,"{""devices"": [{""type"": ""web"", ""last_seen"": ""2026-01-05""}, {""type"": ""android"", ""last_seen"": ""2026-07-08""}], ""marketing"": {""campaign"": ""refer-a-friend"", ""ab_bucket"": ""A""}}"
1030,"{""devices"": [{""type"": ""web"", ""last_seen"": ""2025-12-03""}], ""addresses"": [{""label"": ""home"", ""postcode"": ""63155""}, {""label"": ""parents"", ""postcode"": ""87429""}]}"
1031,"{""devices"": [{""type"": ""ios"", ""last_seen"": ""2026-02-05""}]}"
1032,"{""preferences"": {""newsletter"": false, ""categories"": [""Fashion"", ""Groceries"", ""Toys""]}, ""devices"": [{""type"": ""android"", ""last_seen"": ""2026-01-14""}], ""addresses"": [{""label"": ""office"", ""postcode"": ""52613""}]}"
1033,"{""devices"": [{""type"": ""android"", ""last_seen"": ""2026-01-05""}, {""type"": ""web"", ""last_seen"": ""2026-09-05""}], ""marketing"": {""campaign"": ""refer-a-friend"", ""ab_bucket"": ""B""}}"
1034,"{""addresses"": [{""label"": ""office"", ""postcode"": ""28441""}]}"
1035,"{""preferences"": {""newsletter"": true, ""categories"": [""Beauty"", ""Books"", ""Fashion""]}}"
1036,"{""preferences"": {""newsletter"": true, ""categories"": [""Groceries"", ""Fashion""]}}"
1037,"{""preferences"": {""newsletter"": false, ""categories"": [""Groceries"", ""Electronics""]}, ""devices"": [{""type"": ""ios"", ""last_seen"": ""2026-02-22""}], ""addresses"": [{""label"": ""parents"", ""postcode"": ""75147""}]}"
1038,{}
1039,"{""preferences"": {""newsletter"": false, ""categories"": [""Toys"", ""Electronics"", ""Beauty""]}, ""marketing"": {""campaign"": ""1111-early-access"", ""ab_bucket"": ""B""}, ""addresses"": [{""label"": ""office"", ""postcode"": ""41610""}, {""label"": ""parents"", ""postcode"": ""79794""}]}"
1040,"{""preferences"": {""newsletter"": false, ""categories"": [""Groceries""]}, ""marketing"": {""campaign"": ""refer-a-friend"", ""ab_bucket"": ""A""}, ""addresses"": [{""label"": ""parents"", ""postcode"": ""38931""}, {""label"": ""home"", ""postcode"": ""38119""}]}"
1041,"{""preferences"": {""newsletter"": false, ""categories"": [""Books"", ""Fashion"", ""Electronics""]}, ""devices"": [{""type"": ""web"", ""last_seen"": ""2025-11-30""}], ""marketing"": {""campaign"": ""refer-a-friend"", ""ab_bucket"": ""A""}, ""addresses"": [{""label"": ""parents"", ""postcode"": ""96153""}, {""label"": ""home"", ""postcode"": ""10833""}]}"
1042,"{""preferences"": {""newsletter"": false, ""categories"": [""Electronics"", ""Beauty""]}}"
1043,"{""preferences"": {""newsletter"": false, ""categories"": [""Home & Living""]}, ""marketing"": {""campaign"": ""1111-early-access"", ""ab_bucket"": ""A""}, ""addresses"": [{""label"": ""home"", ""postcode"": ""27383""}]}"
1044,"{""preferences"": {""newsletter"": false, ""categories"": [""Toys""]}, ""addresses"": [{""label"": ""home"", ""postcode"": ""30849""}, {""label"": ""parents"", ""postcode"": ""72092""}]}"
1045,"{""preferences"": {""newsletter"": false, ""categories"": [""Fashion""]}, ""devices"": [{""type"": ""android"", ""last_seen"": ""2026-01-26""}], ""addresses"": [{""label"": ""office"", ""postcode"": ""87892""}, {""label"": ""home"", ""postcode"": ""79841""}]}"
1046,"{""preferences"": {""newsletter"": true, ""categories"": [""Electronics""]}, ""devices"": [{""type"": ""android"", ""last_seen"": ""2026-07-02""}, {""type"": ""android"", ""last_seen"": ""2025-11-16""}], ""addresses"": [{""label"": ""home"", ""postcode"": ""40112""}]}"
1047,"{""addresses"": [{""label"": ""parents"", ""postcode"": ""40382""}]}"
1048,"{""preferences"": {""newsletter"": false, ""categories"": [""Fashion"", ""Home & Living""]}, ""devices"": [{""type"": ""ios"", ""last_seen"": ""2025-10-23""}]}"
1049,"{""preferences"": {""newsletter"": true, ""categories"": [""Fashion"", ""Toys"", ""Home & Living""]}}"
1050,"{""marketing"": {""campaign"": ""1111-early-access"", ""ab_bucket"": ""A""}, ""addresses"": [{""label"": ""office"", ""postcode"": ""22879""}]}"
1051,{}
1052,"{""preferences"": {""newsletter"": false, ""categories"": [""Sports"", ""Beauty""]}, ""addresses"": [{""label"": ""parents"", ""postcode"": ""51171""}, {""label"": ""home"", ""postcode"": ""59734""}]}"
1053,"{""preferences"": {""newsletter"": true, ""categories"": [""Groceries""]}, ""devices"": [{""type"": ""ios"", ""last_seen"": ""2026-04-04""}, {""type"": ""web"", ""last_seen"": ""2026-06-22""}], ""addresses"": [{""label"": ""parents"", ""postcode"": ""40907""}, {""label"": ""home"", ""postcode"": ""64129""}]}"
1054,"{""preferences"": {""newsletter"": false, ""categories"": [""Groceries"", ""Toys"", ""Electronics""]}, ""marketing"": {""campaign"": ""refer-a-friend"", ""ab_bucket"": ""A""}}"
1055,"{""devices"": [{""type"": ""ios"", ""last_seen"": ""2025-11-03""}], ""marketing"": {""campaign"": ""1111-early-access"", ""ab_bucket"": ""A""}}"
1056,"{""preferences"": {""newsletter"": false, ""categories"": [""Home & Living"", ""Sports"", ""Beauty""]}}"
1057,"{""preferences"": {""newsletter"": false, ""categories"": [""Groceries""]}, ""addresses"": [{""label"": ""office"", ""postcode"": ""30787""}, {""label"": ""parents"", ""postcode"": ""12714""}]}"
1058,"{""marketing"": {""campaign"": ""refer-a-friend"", ""ab_bucket"": ""A""}}"
1059,"{""devices"": [{""type"": ""ios"", ""last_seen"": ""2026-01-04""}, {""type"": ""android"", ""last_seen"": ""2026-01-26""}]}"
1060,"{""addresses"": [{""label"": ""office"", ""postcode"": ""39604""}, {""label"": ""home"", ""postcode"": ""24282""}]}"
1061,"{""preferences"": {""newsletter"": false, ""categories"": [""Electronics"", ""Toys""]}, ""marketing"": {""campaign"": ""app-install"", ""ab_bucket"": ""A""}}"
1062,"{""devices"": [{""type"": ""web"", ""last_seen"": ""2026-03-11""}, {""type"": ""web"", ""last_seen"": ""2025-12-02""}], ""addresses"": [{""label"": ""home"", ""postcode"": ""21804""}]}"
1063,"{""addresses"": [{""label"": ""parents"", ""postcode"": ""98969""}]}"
1064,"{""preferences"": {""newsletter"": true, ""categories"": [""Fashion""]}}"
1065,{}
1066,"{""devices"": [{""type"": ""android"", ""last_seen"": ""2026-05-01""}], ""marketing"": {""campaign"": ""1111-early-access"", ""ab_bucket"": ""A""}, ""addresses"": [{""label"": ""office"", ""postcode"": ""93471""}, {""label"": ""parents"", ""postcode"": ""75188""}]}"
1067,{}
1068,{}
1069,{}
1070,"{""preferences"": {""newsletter"": true, ""categories"": [""Toys"", ""Beauty""]}, ""devices"": [{""type"": ""ios"", ""last_seen"": ""2026-09-22""}, {""type"": ""web"", ""last_seen"": ""2026-02-28""}], ""marketing"": {""campaign"": ""app-install"", ""ab_bucket"": ""B""}}"
1071,{}
1072,"{""addresses"": [{""label"": ""office"", ""postcode"": ""61195""}]}"
1073,"{""preferences"": {""newsletter"": true, ""categories"": [""Beauty"", ""Electronics"", ""Fashion""]}, ""addresses"": [{""label"": ""office"", ""postcode"": ""76725""}]}"
1074,"{""preferences"": {""newsletter"": false, ""categories"": [""Beauty""]}, ""addresses"": [{""label"": ""home"", ""postcode"": ""41732""}]}"
1075,"{""preferences"": {""newsletter"": true, ""categories"": [""Home & Living"", ""Beauty"", ""Electronics""]}, ""devices"": [{""type"": ""web"", ""last_seen"": ""2025-12-03""}, {""type"": ""ios"", ""last_seen"": ""2025-11-22""}]}"
1076,"{""devices"": [{""type"": ""ios"", ""last_seen"": ""2026-05-20""}]}"
1077,{}
1078,"{""preferences"": {""newsletter"": false, ""categories"": [""Fashion"", ""Sports""]}, ""devices"": [{""type"": ""web"", ""last_seen"": ""2026-04-15""}, {""type"": ""web"", ""last_seen"": ""2026-07-19""}], ""marketing"": {""campaign"": ""refer-a-friend"", ""ab_bucket"": ""A""}, ""addresses"": [{""label"": ""parents"", ""postcode"": ""32953""}, {""label"": ""home"", ""postcode"": ""34952""}]}"
1079,{}
1080,"{""preferences"": {""newsletter"": true, ""categories"": [""Electronics"", ""Toys""]}, ""addresses"": [{""label"": ""parents"", ""postcode"": ""89525""}]}"
1081,{}
1082,"{""devices"": [{""type"": ""web"", ""last_seen"": ""2026-07-17""}], ""addresses"": [{""label"": ""office"", ""postcode"": ""87399""}]}"
1083,"{""devices"": [{""type"": ""android"", ""last_seen"": ""2026-04-27""}, {""type"": ""web"", ""last_seen"": ""2025-11-07""}], ""addresses"": [{""label"": ""office"", ""postcode"": ""98081""}, {""label"": ""home"", ""postcode"": ""99872""}]}"
1084,"{""preferences"": {""newsletter"": true, ""categories"": [""Groceries"", ""Sports""]}, ""devices"": [{""type"": ""web"", ""last_seen"": ""2026-02-17""}, {""type"": ""web"", ""last_seen"": ""2025-10-21""}]}"
1085,"{""preferences"": {""newsletter"": true, ""categories"": [""Fashion"", ""Electronics""]}, ""devices"": [{""type"": ""web"", ""last_seen"": ""2026-01-12""}, {""type"": ""ios"", ""last_seen"": ""2025-11-11""}]}"
1086,"{""preferences"": {""newsletter"": false, ""categories"": [""Toys""]}, ""devices"": [{""type"": ""ios"", ""last_seen"": ""2026-08-19""}, {""type"": ""web"", ""last_seen"": ""2026-01-09""}]}"
1087,"{""preferences"": {""newsletter"": false, ""categories"": [""Books"", ""Sports""]}, ""devices"": [{""type"": ""ios"", ""last_seen"": ""2026-05-18""}]}"
1088,{}
1089,"{""preferences"": {""newsletter"": false, ""categories"": [""Groceries""]}, ""addresses"": [{""label"": ""home"", ""postcode"": ""36563""}]}"
1090,"{""preferences"": {""newsletter"": false, ""categories"": [""Toys""]}}"
1091,"{""preferences"": {""newsletter"": true, ""categories"": [""Home & Living"", ""Electronics"", ""Beauty""]}, ""devices"": [{""type"": ""ios"", ""last_seen"": ""2026-06-20""}, {""type"": ""web"", ""last_seen"": ""2026-03-12""}], ""marketing"": {""campaign"": ""refer-a-friend"", ""ab_bucket"": ""B""}}"
1092,"{""preferences"": {""newsletter"": true, ""categories"": [""Toys""]}, ""devices"": [{""type"": ""android"", ""last_seen"": ""2026-06-19""}, {""type"": ""ios"", ""last_seen"": ""2025-11-18""}], ""addresses"": [{""label"": ""home"", ""postcode"": ""69210""}]}"
1093,{}
1094,"{""preferences"": {""newsletter"": false, ""categories"": [""Home & Living"", ""Electronics"", ""Toys""]}, ""devices"": [{""type"": ""ios"", ""last_seen"": ""2026-07-21""}, {""type"": ""web"", ""last_seen"": ""2026-03-24""}]}"
1095,{}
1096,"{""preferences"": {""newsletter"": true, ""categories"": [""Electronics"", ""Beauty"", ""Toys""]}}"
1097,"{""preferences"": {""newsletter"": true, ""categories"": [""Electronics""]}, ""devices"": [{""type"": ""android"", ""last_seen"": ""2026-07-04""}], ""marketing"": {""campaign"": ""app-install"", ""ab_bucket"": ""A""}, ""addresses"": [{""label"": ""office"", ""postcode"": ""21296""}, {""label"": ""home"", ""postcode"": ""61558""}]}"
1098,"{""addresses"": [{""label"": ""parents"", ""postcode"": ""95367""}]}"
1099,{}
1100,"{""addresses"": [{""label"": ""office"", ""postcode"": ""14444""}]}"
1101,"{""preferences"": {""newsletter"": true, ""categories"": [""Sports""]}}"
1102,"{""preferences"": {""newsletter"": false, ""categories"": [""Books""]}, ""devices"": [{""type"": ""ios"", ""last_seen"": ""2026-07-06""}]}"
1103,"{""preferences"": {""newsletter"": false, ""categories"": [""Fashion"", ""Toys"", ""Groceries""]}}"
1104,"{""preferences"": {""newsletter"": false, ""categories"": [""Home & Living""]}, ""devices"": [{""type"": ""android"", ""last_seen"": ""2025-10-20""}]}"
1105,"{""preferences"": {""newsletter"": false, ""categories"": [""Toys""]}}"
1106,"{""preferences"": {""newsletter"": false, ""categories"": [""Toys"", ""Groceries"", ""Home & Living""]}, ""devices"": [{""type"": ""web"", ""last_seen"": ""2026-04-20""}]}"
1107,"{""preferences"": {""newsletter"": true, ""categories"": [""Sports"", ""Groceries"", ""Beauty""]}, ""marketing"": {""campaign"": ""1111-early-access"", ""ab_bucket"": ""A""}, ""addresses"": [{""label"": ""office"", ""postcode"": ""20434""}]}"
1108,"{""marketing"": {""campaign"": ""refer-a-friend"", ""ab_bucket"": ""B""}, ""addresses"": [{""label"": ""office"", ""postcode"": ""87217""}]}"
1109,"{""preferences"": {""newsletter"": true, ""categories"": [""Fashion"", ""Sports"", ""Toys""]}, ""devices"": [{""type"": ""ios"", ""last_seen"": ""2026-08-27""}, {""type"": ""android"", ""last_seen"": ""2026-06-23""}]}"
1110,"{""devices"": [{""type"": ""android"", ""last_seen"": ""2026-08-18""}]}"
1111,"{""preferences"": {""newsletter"": true, ""categories"": [""Toys""]}, ""addresses"": [{""label"": ""home"", ""postcode"": ""50315""}, {""label"": ""office"", ""postcode"": ""21561""}]}"
1112,"{""preferences"": {""newsletter"": true, ""categories"": [""Beauty"", ""Groceries"", ""Books""]}}"
1113,"{""devices"": [{""type"": ""android"", ""last_seen"": ""2025-11-14""}], ""marketing"": {""campaign"": ""refer-a-friend"", ""ab_bucket"": ""A""}}"
1114,"{""preferences"": {""newsletter"": false, ""categories"": [""Books""]}, ""devices"": [{""type"": ""ios"", ""last_seen"": ""2026-01-29""}, {""type"": ""web"", ""last_seen"": ""2026-06-27""}]}"
1115,"{""preferences"": {""newsletter"": false, ""categories"": [""Groceries"", ""Books"", ""Beauty""]}}"
1116,"{""devices"": [{""type"": ""web"", ""last_seen"": ""2026-07-29""}, {""type"": ""android"", ""last_seen"": ""2026-04-05""}], ""addresses"": [{""label"": ""home"", ""postcode"": ""49916""}, {""label"": ""parents"", ""postcode"": ""90528""}]}"
1117,"{""devices"": [{""type"": ""ios"", ""last_seen"": ""2025-12-19""}]}"
1118,"{""preferences"": {""newsletter"": false, ""categories"": [""Toys""]}, ""marketing"": {""campaign"": ""1111-early-access"", ""ab_bucket"": ""B""}, ""addresses"": [{""label"": ""parents"", ""postcode"": ""36750""}]}"
1119,"{""preferences"": {""newsletter"": false, ""categories"": [""Groceries"", ""Beauty"", ""Sports""]}, ""addresses"": [{""label"": ""office"", ""postcode"": ""68851""}]}"
1120,"{""preferences"": {""newsletter"": false, ""categories"": [""Home & Living"", ""Books"", ""Groceries""]}, ""devices"": [{""type"": ""web"", ""last_seen"": ""2026-01-20""}], ""addresses"": [{""label"": ""parents"", ""postcode"": ""27527""}]}"
1121,"{""preferences"": {""newsletter"": false, ""categories"": [""Fashion"", ""Electronics"", ""Beauty""]}}"
1122,"{""preferences"": {""newsletter"": true, ""categories"": [""Groceries"", ""Sports""]}, ""addresses"": [{""label"": ""office"", ""postcode"": ""72924""}]}"
1123,"{""preferences"": {""newsletter"": true, ""categories"": [""Electronics"", ""Home & Living"", ""Fashion""]}}"
1124,"{""preferences"": {""newsletter"": false, ""categories"": [""Books""]}, ""addresses"": [{""label"": ""parents"", ""postcode"": ""35994""}, {""label"": ""home"", ""postcode"": ""68051""}]}"
1125,"{""addresses"": [{""label"": ""parents"", ""postcode"": ""63993""}]}"
1126,"{""preferences"": {""newsletter"": true, ""categories"": [""Home & Living"", ""Fashion"", ""Groceries""]}, ""devices"": [{""type"": ""web"", ""last_seen"": ""2026-02-03""}, {""type"": ""web"", ""last_seen"": ""2026-07-04""}], ""marketing"": {""campaign"": ""app-install"", ""ab_bucket"": ""B""}, ""addresses"": [{""label"": ""office"", ""postcode"": ""94489""}]}"
1127,"{""preferences"": {""newsletter"": false, ""categories"": [""Toys"", ""Home & Living"", ""Groceries""]}}"
1128,"{""preferences"": {""newsletter"": false, ""categories"": [""Fashion"", ""Books""]}, ""devices"": [{""type"": ""web"", ""last_seen"": ""2026-08-02""}]}"
1129,"{""preferences"": {""newsletter"": false, ""categories"": [""Beauty"", ""Fashion"", ""Groceries""]}, ""devices"": [{""type"": ""ios"", ""last_seen"": ""2026-04-05""}]}"
1130,"{""preferences"": {""newsletter"": false, ""categories"": [""Books"", ""Home & Living""]}}"
1131,{}
1132,"{""preferences"": {""newsletter"": false, ""categories"": [""Toys"", ""Electronics"", ""Beauty""]}, ""devices"": [{""type"": ""ios"", ""last_seen"": ""2026-07-20""}]}"
1133,"{""addresses"": [{""label"": ""office"", ""postcode"": ""46331""}]}"
1134,"{""addresses"": [{""label"": ""home"", ""postcode"": ""29029""}, {""label"": ""parents"", ""postcode"": ""62142""}]}"
1135,{}
1136,"{""preferences"": {""newsletter"": true, ""categories"": [""Groceries"", ""Electronics""]}, ""devices"": [{""type"": ""ios"", ""last_seen"": ""2025-12-01""}], ""addresses"": [{""label"": ""parents"", ""postcode"": ""54949""}]}"
1137,"{""preferences"": {""newsletter"": false, ""categories"": [""Beauty"", ""Electronics"", ""Home & Living""]}, ""addresses"": [{""label"": ""parents"", ""postcode"": ""33440""}]}"
1138,"{""preferences"": {""newsletter"": false, ""categories"": [""Home & Living"", ""Electronics""]}, ""devices"": [{""type"": ""web"", ""last_seen"": ""2026-09-15""}]}"
1139,"{""preferences"": {""newsletter"": true, ""categories"": [""Beauty"", ""Toys"", ""Home & Living""]}}"
1140,{}
1141,"{""preferences"": {""newsletter"": true, ""categories"": [""Toys"", ""Sports""]}, ""devices"": [{""type"": ""android"", ""last_seen"": ""2026-03-07""}, {""type"": ""ios"", ""last_seen"": ""2026-01-17""}], ""addresses"": [{""label"": ""parents"", ""postcode"": ""30469""}]}"
1142,"{""preferences"": {""newsletter"": true, ""categories"": [""Books"", ""Home & Living"", ""Electronics""]}, ""devices"": [{""type"": ""android"", ""last_seen"": ""2025-11-13""}]}"
1143,"{""preferences"": {""newsletter"": true, ""categories"": [""Electronics""]}, ""devices"": [{""type"": ""ios"", ""last_seen"": ""2026-02-05""}, {""type"": ""ios"", ""last_seen"": ""2025-12-03""}], ""marketing"": {""campaign"": ""refer-a-friend"", ""ab_bucket"": ""B""}}"
1144,"{""preferences"": {""newsletter"": true, ""categories"": [""Toys"", ""Home & Living"", ""Groceries""]}, ""marketing"": {""campaign"": ""1111-early-access"", ""ab_bucket"": ""B""}}"
1145,"{""preferences"": {""newsletter"": true, ""categories"": [""Fashion""]}, ""devices"": [{""type"": ""web"", ""last_seen"": ""2026-04-30""}], ""addresses"": [{""label"": ""office"", ""postcode"": ""74092""}, {""label"": ""home"", ""postcode"": ""31217""}]}"
1146,"{""preferences"": {""newsletter"": true, ""categories"": [""Fashion""]}}"
1147,"{""devices"": [{""type"": ""android"", ""last_seen"": ""2026-04-03""}]}"
1148,"{""preferences"": {""newsletter"": false, ""categories"": [""Toys""]}}"
1149,"{""preferences"": {""newsletter"": true, ""categories"": [""Beauty"", ""Sports"", ""Books""]}, ""devices"": [{""type"": ""android"", ""last_seen"": ""2026-05-12""}, {""type"": ""android"", ""last_seen"": ""2026-05-12""}], ""addresses"": [{""label"": ""parents"", ""postcode"": ""41529""}]}"
1150,"{""preferences"": {""newsletter"": true, ""categories"": [""Toys"", ""Books""]}}"
1151,"{""preferences"": {""newsletter"": false, ""categories"": [""Beauty"", ""Sports""]}}"
1152,"{""preferences"": {""newsletter"": false, ""categories"": [""Fashion"", ""Home & Living"", ""Books""]}, ""devices"": [{""type"": ""web"", ""last_seen"": ""2026-03-02""}]}"
1153,"{""preferences"": {""newsletter"": true, ""categories"": [""Books"", ""Toys"", ""Electronics""]}}"
1154,"{""preferences"": {""newsletter"": false, ""categories"": [""Books"", ""Sports""]}, ""devices"": [{""type"": ""ios"", ""last_seen"": ""2026-03-15""}], ""addresses"": [{""label"": ""parents"", ""postcode"": ""90025""}, {""label"": ""home"", ""postcode"": ""68467""}]}"
1155,"{""marketing"": {""campaign"": ""1111-early-access"", ""ab_bucket"": ""B""}, ""addresses"": [{""label"": ""parents"", ""postcode"": ""23853""}, {""label"": ""home"", ""postcode"": ""21668""}]}"
1156,"{""preferences"": {""newsletter"": false, ""categories"": [""Fashion"", ""Books"", ""Home & Living""]}}"
1157,"{""devices"": [{""type"": ""ios"", ""last_seen"": ""2026-07-03""}, {""type"": ""web"", ""last_seen"": ""2026-08-17""}], ""addresses"": [{""label"": ""home"", ""postcode"": ""81646""}]}"
1158,"{""preferences"": {""newsletter"": false, ""categories"": [""Beauty"", ""Sports""]}}"
1159,"{""preferences"": {""newsletter"": true, ""categories"": [""Fashion"", ""Groceries"", ""Books""]}, ""addresses"": [{""label"": ""home"", ""postcode"": ""30687""}, {""label"": ""parents"", ""postcode"": ""76964""}]}"
1160,"{""preferences"": {""newsletter"": false, ""categories"": [""Groceries"", ""Sports""]}}"
1161,"{""preferences"": {""newsletter"": false, ""categories"": [""Groceries"", ""Electronics"", ""Home & Living""]}}"
1162,"{""preferences"": {""newsletter"": true, ""categories"": [""Groceries"", ""Home & Living"", ""Electronics""]}}"
1163,"{""devices"": [{""type"": ""android"", ""last_seen"": ""2026-07-07""}, {""type"": ""ios"", ""last_seen"": ""2026-02-13""}]}"
1164,"{""preferences"": {""newsletter"": true, ""categories"": [""Home & Living""]}}"
1165,"{""preferences"": {""newsletter"": true, ""categories"": [""Beauty"", ""Sports"", ""Electronics""]}, ""marketing"": {""campaign"": ""refer-a-friend"", ""ab_bucket"": ""B""}}"
1166,"{""preferences"": {""newsletter"": true, ""categories"": [""Beauty""]}, ""devices"": [{""type"": ""ios"", ""last_seen"": ""2026-04-27""}], ""marketing"": {""campaign"": ""1111-early-access"", ""ab_bucket"": ""B""}}"
1167,"{""preferences"": {""newsletter"": false, ""categories"": [""Toys"", ""Groceries""]}, ""marketing"": {""campaign"": ""1111-early-access"", ""ab_bucket"": ""B""}}"
1168,"{""preferences"": {""newsletter"": true, ""categories"": [""Sports""]}, ""devices"": [{""type"": ""android"", ""last_seen"": ""2025-11-02""}, {""type"": ""android"", ""last_seen"": ""2026-06-05""}]}"
1169,"{""preferences"": {""newsletter"": false, ""categories"": [""Electronics"", ""Groceries"", ""Beauty""]}, ""addresses"": [{""label"": ""office"", ""postcode"": ""45503""}]}"
1170,"{""preferences"": {""newsletter"": false, ""categories"": [""Groceries"", ""Home & Living"", ""Sports""]}}"
1171,"{""preferences"": {""newsletter"": false, ""categories"": [""Sports"", ""Toys"", ""Electronics""]}, ""devices"": [{""type"": ""android"", ""last_seen"": ""2026-09-03""}, {""type"": ""ios"", ""last_seen"": ""2025-11-26""}], ""marketing"": {""campaign"": ""1111-early-access"", ""ab_bucket"": ""A""}, ""addresses"": [{""label"": ""office"", ""postcode"": ""60002""}, {""label"": ""home"", ""postcode"": ""15831""}]}"
1172,"{""preferences"": {""newsletter"": false, ""categories"": [""Groceries"", ""Fashion"", ""Beauty""]}, ""devices"": [{""type"": ""web"", ""last_seen"": ""2026-08-28""}, {""type"": ""ios"", ""last_seen"": ""2025-11-21""}], ""addresses"": [{""label"": ""parents"", ""postcode"": ""59674""}, {""label"": ""home"", ""postcode"": ""73636""}]}"
1173,"{""preferences"": {""newsletter"": false, ""categories"": [""Home & Living"", ""Electronics""]}, ""devices"": [{""type"": ""android"", ""last_seen"": ""2026-09-15""}, {""type"": ""android"", ""last_seen"": ""2026-07-13""}]}"
1174,"{""preferences"": {""newsletter"": false, ""categories"": [""Books"", ""Home & Living""]}, ""marketing"": {""campaign"": ""refer-a-friend"", ""ab_bucket"": ""B""}}"
1175,"{""preferences"": {""newsletter"": false, ""categories"": [""Groceries"", ""Beauty""]}, ""addresses"": [{""label"": ""office"", ""postcode"": ""17103""}, {""label"": ""parents"", ""postcode"": ""24208""}]}"
1176,"{""preferences"": {""newsletter"": false, ""categories"": [""Home & Living"", ""Groceries""]}, ""devices"": [{""type"": ""ios"", ""last_seen"": ""2026-02-28""}], ""marketing"": {""campaign"": ""refer-a-friend"", ""ab_bucket"": ""B""}}"
1177,"{""preferences"": {""newsletter"": true, ""categories"": [""Fashion""]}, ""devices"": [{""type"": ""ios"", ""last_seen"": ""2026-04-09""}]}"
1178,"{""preferences"": {""newsletter"": false, ""categories"": [""Electronics"", ""Books"", ""Beauty""]}}"
1179,"{""preferences"": {""newsletter"": false, ""categories"": [""Sports""]}}"
1180,"{""devices"": [{""type"": ""ios"", ""last_seen"": ""2026-06-03""}, {""type"": ""android"", ""last_seen"": ""2026-01-25""}]}"
1181,"{""addresses"": [{""label"": ""office"", ""postcode"": ""26766""}]}"
1182,"{""preferences"": {""newsletter"": false, ""categories"": [""Electronics"", ""Books""]}, ""addresses"": [{""label"": ""office"", ""postcode"": ""54373""}, {""label"": ""parents"", ""postcode"": ""29089""}]}"
1183,"{""preferences"": {""newsletter"": false, ""categories"": [""Books"", ""Toys"", ""Sports""]}}"
1184,"{""preferences"": {""newsletter"": true, ""categories"": [""Groceries"", ""Toys"", ""Fashion""]}}"
1185,{}
1186,"{""preferences"": {""newsletter"": false, ""categories"": [""Sports""]}, ""marketing"": {""campaign"": ""1111-early-access"", ""ab_bucket"": ""B""}, ""addresses"": [{""label"": ""parents"", ""postcode"": ""19060""}]}"
1187,"{""devices"": [{""type"": ""android"", ""last_seen"": ""2026-02-08""}]}"
1188,{}
1189,"{""preferences"": {""newsletter"": false, ""categories"": [""Books""]}, ""addresses"": [{""label"": ""parents"", ""postcode"": ""86850""}, {""label"": ""office"", ""postcode"": ""79165""}]}"
1190,"{""devices"": [{""type"": ""android"", ""last_seen"": ""2025-11-23""}]}"
1191,"{""devices"": [{""type"": ""ios"", ""last_seen"": ""2026-02-15""}, {""type"": ""ios"", ""last_seen"": ""2026-01-13""}]}"
1192,"{""preferences"": {""newsletter"": true, ""categories"": [""Books"", ""Electronics"", ""Beauty""]}, ""marketing"": {""campaign"": ""app-install"", ""ab_bucket"": ""A""}}"
1193,"{""preferences"": {""newsletter"": true, ""categories"": [""Electronics""]}, ""devices"": [{""type"": ""ios"", ""last_seen"": ""2025-10-09""}], ""marketing"": {""campaign"": ""app-install"", ""ab_bucket"": ""B""}}"
1194,"{""preferences"": {""newsletter"": false, ""categories"": [""Books"", ""Toys"", ""Beauty""]}, ""devices"": [{""type"": ""android"", ""last_seen"": ""2026-01-05""}]}"
1195,"{""preferences"": {""newsletter"": false, ""categories"": [""Electronics""]}}"
1196,"{""marketing"": {""campaign"": ""1111-early-access"", ""ab_bucket"": ""A""}}"
1197,"{""preferences"": {""newsletter"": true, ""categories"": [""Groceries"", ""Beauty"", ""Electronics""]}, ""devices"": [{""type"": ""android"", ""last_seen"": ""2026-05-10""}]}"
1198,"{""preferences"": {""newsletter"": true, ""categories"": [""Beauty""]}, ""marketing"": {""campaign"": ""refer-a-friend"", ""ab_bucket"": ""B""}, ""addresses"": [{""label"": ""parents"", ""postcode"": ""15499""}, {""label"": ""office"", ""postcode"": ""78523""}]}"
1199,"{""preferences"": {""newsletter"": true, ""categories"": [""Groceries""]}}"
1200,"{""preferences"": {""newsletter"": false, ""categories"": [""Fashion"", ""Beauty"", ""Sports""]}}"
1201,"{""preferences"": {""newsletter"": false, ""categories"": [""Books"", ""Beauty"", ""Electronics""]}, ""marketing"": {""campaign"": ""1111-early-access"", ""ab_bucket"": ""A""}, ""addresses"": [{""label"": ""office"", ""postcode"": ""59825""}, {""label"": ""home"", ""postcode"": ""11925""}]}"
1202,"{""devices"": [{""type"": ""ios"", ""last_seen"": ""2026-05-25""}]}"
1203,"{""preferences"": {""newsletter"": true, ""categories"": [""Fashion""]}, ""devices"": [{""type"": ""android"", ""last_seen"": ""2025-11-17""}]}"
1204,"{""preferences"": {""newsletter"": false, ""categories"": [""Electronics"", ""Groceries""]}}"
1205,"{""preferences"": {""newsletter"": true, ""categories"": [""Electronics"", ""Home & Living""]}, ""addresses"": [{""label"": ""home"", ""postcode"": ""58125""}]}"
1206,"{""preferences"": {""newsletter"": true, ""categories"": [""Toys"", ""Beauty"", ""Home & Living""]}, ""addresses"": [{""label"": ""office"", ""postcode"": ""71604""}]}"
1207,"{""preferences"": {""newsletter"": true, ""categories"": [""Home & Living"", ""Fashion"", ""Toys""]}, ""devices"": [{""type"": ""ios"", ""last_seen"": ""2025-11-16""}, {""type"": ""ios"", ""last_seen"": ""2026-05-03""}], ""marketing"": {""campaign"": ""app-install"", ""ab_bucket"": ""B""}, ""addresses"": [{""label"": ""home"", ""postcode"": ""56062""}]}"
1208,"{""preferences"": {""newsletter"": true, ""categories"": [""Books""]}, ""marketing"": {""campaign"": ""app-install"", ""ab_bucket"": ""A""}, ""addresses"": [{""label"": ""home"", ""postcode"": ""57543""}, {""label"": ""parents"", ""postcode"": ""39807""}]}"
1209,"{""preferences"": {""newsletter"": true, ""categories"": [""Electronics"", ""Books""]}}"
1210,"{""preferences"": {""newsletter"": true, ""categories"": [""Home & Living"", ""Groceries"", ""Sports""]}}"
1211,{}
1212,"{""devices"": [{""type"": ""ios"", ""last_seen"": ""2026-02-10""}], ""addresses"": [{""label"": ""home"", ""postcode"": ""19007""}, {""label"": ""parents"", ""postcode"": ""71377""}]}"
1213,"{""preferences"": {""newsletter"": false, ""categories"": [""Toys""]}, ""marketing"": {""campaign"": ""app-install"", ""ab_bucket"": ""A""}}"
1214,"{""preferences"": {""newsletter"": false, ""categories"": [""Sports"", ""Books""]}}"
1215,"{""devices"": [{""type"": ""web"", ""last_seen"": ""2025-10-25""}], ""addresses"": [{""label"": ""office"", ""postcode"": ""61573""}, {""label"": ""home"", ""postcode"": ""57199""}]}"
1216,"{""preferences"": {""newsletter"": false, ""categories"": [""Electronics"", ""Sports"", ""Books""]}}"
1217,"{""preferences"": {""newsletter"": false, ""categories"": [""Fashion""]}}"
1218,{}
1219,"{""devices"": [{""type"": ""web"", ""last_seen"": ""2025-11-12""}, {""type"": ""web"", ""last_seen"": ""2025-12-30""}]}"
1220,"{""devices"": [{""type"": ""ios"", ""last_seen"": ""2025-12-20""}]}"
1221,"{""devices"": [{""type"": ""android"", ""last_seen"": ""2026-08-21""}, {""type"": ""web"", ""last_seen"": ""2026-03-23""}], ""marketing"": {""campaign"": ""refer-a-friend"", ""ab_bucket"": ""A""}}"
1222,"{""preferences"": {""newsletter"": false, ""categories"": [""Toys"", ""Books""]}, ""devices"": [{""type"": ""web"", ""last_seen"": ""2025-11-03""}], ""marketing"": {""campaign"": ""refer-a-friend"", ""ab_bucket"": ""B""}}"
1223,"{""preferences"": {""newsletter"": true, ""categories"": [""Electronics""]}}"
1224,{}
1225,"{""preferences"": {""newsletter"": true, ""categories"": [""Toys""]}, ""devices"": [{""type"": ""ios"", ""last_seen"": ""2026-04-27""}]}"
1226,"{""preferences"": {""newsletter"": false, ""categories"": [""Books"", ""Beauty"", ""Home & Living""]}, ""devices"": [{""type"": ""android"", ""last_seen"": ""2026-06-14""}]}"
1227,"{""preferences"": {""newsletter"": false, ""categories"": [""Electronics""]}, ""devices"": [{""type"": ""android"", ""last_seen"": ""2026-04-12""}, {""type"": ""ios"", ""last_seen"": ""2026-03-21""}], ""addresses"": [{""label"": ""home"", ""postcode"": ""74648""}, {""label"": ""parents"", ""postcode"": ""37854""}]}"
1228,"{""preferences"": {""newsletter"": true, ""categories"": [""Electronics"", ""Toys"", ""Fashion""]}}"
1229,"{""preferences"": {""newsletter"": false, ""categories"": [""Electronics"", ""Home & Living""]}, ""devices"": [{""type"": ""web"", ""last_seen"": ""2026-02-07""}, {""type"": ""ios"", ""last_seen"": ""2025-10-08""}], ""marketing"": {""campaign"": ""1111-early-access"", ""ab_bucket"": ""A""}}"
1230,{}
1231,"{""devices"": [{""type"": ""android"", ""last_seen"": ""2025-12-25""}, {""type"": ""android"", ""last_seen"": ""2025-10-24""}], ""marketing"": {""campaign"": ""1111-early-access"", ""ab_bucket"": ""B""}}"
1232,"{""preferences"": {""newsletter"": true, ""categories"": [""Electronics"", ""Toys""]}, ""marketing"": {""campaign"": ""refer-a-friend"", ""ab_bucket"": ""A""}, ""addresses"": [{""label"": ""home"", ""postcode"": ""82185""}, {""label"": ""parents"", ""postcode"": ""10802""}]}"
1233,"{""preferences"": {""newsletter"": false, ""categories"": [""Fashion"", ""Sports"", ""Groceries""]}}"
1234,"{""preferences"": {""newsletter"": true, ""categories"": [""Fashion"", ""Toys"", ""Sports""]}}"
1235,{}
1236,"{""preferences"": {""newsletter"": false, ""categories"": [""Home & Living"", ""Sports"", ""Groceries""]}, ""marketing"": {""campaign"": ""app-install"", ""ab_bucket"": ""B""}, ""addresses"": [{""label"": ""home"", ""postcode"": ""77359""}, {""label"": ""parents"", ""postcode"": ""28101""}]}"
1237,"{""preferences"": {""newsletter"": true, ""categories"": [""Beauty""]}, ""devices"": [{""type"": ""ios"", ""last_seen"": ""2026-02-07""}], ""marketing"": {""campaign"": ""refer-a-friend"", ""ab_bucket"": ""B""}}"
1238,"{""devices"": [{""type"": ""web"", ""last_seen"": ""2026-08-05""}, {""type"": ""web"", ""last_seen"": ""2026-01-09""}]}"
1239,"{""preferences"": {""newsletter"": false, ""categories"": [""Beauty""]}, ""marketing"": {""campaign"": ""refer-a-friend"", ""ab_bucket"": ""B""}}"
1240,"{""preferences"": {""newsletter"": false, ""categories"": [""Fashion""]}}"
1241,"{""preferences"": {""newsletter"": false, ""categories"": [""Books"", ""Home & Living""]}, ""devices"": [{""type"": ""web"", ""last_seen"": ""2026-07-03""}], ""marketing"": {""campaign"": ""1111-early-access"", ""ab_bucket"": ""A""}}"
1242,"{""preferences"": {""newsletter"": true, ""categories"": [""Electronics"", ""Groceries"", ""Fashion""]}, ""addresses"": [{""label"": ""office"", ""postcode"": ""42498""}]}"
1243,"{""preferences"": {""newsletter"": true, ""categories"": [""Fashion""]}, ""marketing"": {""campaign"": ""1111-early-access"", ""ab_bucket"": ""B""}}"
1244,"{""preferences"": {""newsletter"": false, ""categories"": [""Fashion""]}}"
1245,"{""preferences"": {""newsletter"": true, ""categories"": [""Groceries"", ""Fashion""]}, ""addresses"": [{""label"": ""parents"", ""postcode"": ""64635""}]}"
1246,"{""preferences"": {""newsletter"": true, ""categories"": [""Groceries""]}, ""marketing"": {""campaign"": ""refer-a-friend"", ""ab_bucket"": ""A""}, ""addresses"": [{""label"": ""parents"", ""postcode"": ""55026""}, {""label"": ""home"", ""postcode"": ""95792""}]}"
1247,{}
1248,"{""devices"": [{""type"": ""web"", ""last_seen"": ""2026-03-09""}]}"
1249,"{""preferences"": {""newsletter"": true, ""categories"": [""Sports""]}, ""addresses"": [{""label"": ""parents"", ""postcode"": ""57798""}, {""label"": ""home"", ""postcode"": ""79681""}]}"
1250,"{""preferences"": {""newsletter"": false, ""categories"": [""Fashion""]}}"
1251,"{""devices"": [{""type"": ""android"", ""last_seen"": ""2026-03-19""}, {""type"": ""android"", ""last_seen"": ""2026-04-24""}]}"
1252,"{""preferences"": {""newsletter"": true, ""categories"": [""Books"", ""Groceries""]}, ""devices"": [{""type"": ""web"", ""last_seen"": ""2026-08-01""}, {""type"": ""web"", ""last_seen"": ""2026-04-14""}], ""addresses"": [{""label"": ""office"", ""postcode"": ""26577""}]}"
1253,"{""preferences"": {""newsletter"": false, ""categories"": [""Sports"", ""Books"", ""Electronics""]}, ""marketing"": {""campaign"": ""refer-a-friend"", ""ab_bucket"": ""A""}, ""addresses"": [{""label"": ""parents"", ""postcode"": ""62045""}, {""label"": ""office"", ""postcode"": ""49595""}]}"
1254,"{""preferences"": {""newsletter"": true, ""categories"": [""Fashion"", ""Home & Living"", ""Books""]}, ""devices"": [{""type"": ""ios"", ""last_seen"": ""2026-09-07""}, {""type"": ""android"", ""last_seen"": ""2026-08-30""}], ""addresses"": [{""label"": ""office"", ""postcode"": ""25249""}]}"
1255,"{""preferences"": {""newsletter"": true, ""categories"": [""Books"", ""Fashion"", ""Electronics""]}, ""addresses"": [{""label"": ""office"", ""postcode"": ""79576""}]}"
1256,"{""preferences"": {""newsletter"": false, ""categories"": [""Sports"", ""Home & Living"", ""Fashion""]}, ""devices"": [{""type"": ""web"", ""last_seen"": ""2025-12-30""}, {""type"": ""android"", ""last_seen"": ""2026-06-16""}], ""addresses"": [{""label"": ""home"", ""postcode"": ""75171""}, {""label"": ""parents"", ""postcode"": ""35427""}]}"
1257,"{""preferences"": {""newsletter"": true, ""categories"": [""Home & Living"", ""Fashion"", ""Beauty""]}, ""marketing"": {""campaign"": ""refer-a-friend"", ""ab_bucket"": ""B""}}"
1258,"{""preferences"": {""newsletter"": true, ""categories"": [""Toys"", ""Groceries"", ""Fashion""]}, ""addresses"": [{""label"": ""office"", ""postcode"": ""14766""}, {""label"": ""home"", ""postcode"": ""13318""}]}"
1259,"{""preferences"": {""newsletter"": true, ""categories"": [""Fashion""]}, ""addresses"": [{""label"": ""home"", ""postcode"": ""62166""}]}"
1260,"{""preferences"": {""newsletter"": true, ""categories"": [""Toys"", ""Home & Living"", ""Books""]}, ""devices"": [{""type"": ""ios"", ""last_seen"": ""2025-10-14""}, {""type"": ""web"", ""last_seen"": ""2026-08-27""}], ""marketing"": {""campaign"": ""app-install"", ""ab_bucket"": ""B""}}"
1261,"{""devices"": [{""type"": ""web"", ""last_seen"": ""2026-09-20""}]}"
1262,"{""preferences"": {""newsletter"": false, ""categories"": [""Beauty"", ""Groceries"", ""Home & Living""]}, ""devices"": [{""type"": ""android"", ""last_seen"": ""2026-05-07""}], ""marketing"": {""campaign"": ""refer-a-friend"", ""ab_bucket"": ""A""}}"
1263,"{""preferences"": {""newsletter"": false, ""categories"": [""Home & Living""]}, ""marketing"": {""campaign"": ""1111-early-access"", ""ab_bucket"": ""A""}, ""addresses"": [{""label"": ""home"", ""postcode"": ""61960""}]}"
1264,"{""preferences"": {""newsletter"": false, ""categories"": [""Home & Living"", ""Toys"", ""Electronics""]}}"
1265,{}
1266,"{""preferences"": {""newsletter"": true, ""categories"": [""Electronics"", ""Toys"", ""Books""]}}"
1267,"{""preferences"": {""newsletter"": false, ""categories"": [""Electronics"", ""Beauty""]}, ""devices"": [{""type"": ""ios"", ""last_seen"": ""2026-04-09""}, {""type"": ""web"", ""last_seen"": ""2025-10-26""}], ""addresses"": [{""label"": ""home"", ""postcode"": ""94902""}, {""label"": ""parents"", ""postcode"": ""25039""}]}"
1268,"{""devices"": [{""type"": ""ios"", ""last_seen"": ""2026-07-14""}, {""type"": ""android"", ""last_seen"": ""2025-12-02""}], ""addresses"": [{""label"": ""parents"", ""postcode"": ""19402""}]}"
1269,"{""preferences"": {""newsletter"": true, ""categories"": [""Books"", ""Toys"", ""Home & Living""]}, ""devices"": [{""type"": ""web"", ""last_seen"": ""2026-02-19""}, {""type"": ""android"", ""last_seen"": ""2025-10-24""}], ""addresses"": [{""label"": ""home"", ""postcode"": ""92078""}]}"
1270,"{""preferences"": {""newsletter"": false, ""categories"": [""Toys"", ""Home & Living"", ""Beauty""]}, ""devices"": [{""type"": ""web"", ""last_seen"": ""2026-04-11""}], ""addresses"": [{""label"": ""office"", ""postcode"": ""56891""}, {""label"": ""parents"", ""postcode"": ""34230""}]}"
1271,"{""preferences"": {""newsletter"": true, ""categories"": [""Fashion""]}, ""addresses"": [{""label"": ""home"", ""postcode"": ""50302""}]}"
1272,"{""preferences"": {""newsletter"": false, ""categories"": [""Books"", ""Beauty"", ""Electronics""]}, ""addresses"": [{""label"": ""office"", ""postcode"": ""74297""}]}"
1273,"{""preferences"": {""newsletter"": false, ""categories"": [""Electronics"", ""Beauty"", ""Home & Living""]}}"
1274,{}
1275,"{""preferences"": {""newsletter"": true, ""categories"": [""Toys"", ""Fashion"", ""Groceries""]}, ""devices"": [{""type"": ""ios"", ""last_seen"": ""2025-12-01""}]}"
1276,"{""preferences"": {""newsletter"": true, ""categories"": [""Books"", ""Electronics""]}, ""marketing"": {""campaign"": ""refer-a-friend"", ""ab_bucket"": ""B""}}"
1277,"{""preferences"": {""newsletter"": true, ""categories"": [""Fashion"", ""Beauty""]}, ""addresses"": [{""label"": ""office"", ""postcode"": ""53335""}]}"
1278,"{""preferences"": {""newsletter"": false, ""categories"": [""Sports"", ""Books""]}, ""marketing"": {""campaign"": ""refer-a-friend"", ""ab_bucket"": ""B""}, ""addresses"": [{""label"": ""home"", ""postcode"": ""39194""}, {""label"": ""office"", ""postcode"": ""52086""}]}"
1279,"{""preferences"": {""newsletter"": true, ""categories"": [""Home & Living""]}}"
1280,"{""preferences"": {""newsletter"": false, ""categories"": [""Toys"", ""Sports"", ""Beauty""]}, ""devices"": [{""type"": ""android"", ""last_seen"": ""2026-09-02""}, {""type"": ""android"", ""last_seen"": ""2026-02-04""}], ""addresses"": [{""label"": ""office"", ""postcode"": ""50290""}, {""label"": ""home"", ""postcode"": ""43737""}]}"
1281,"{""preferences"": {""newsletter"": false, ""categories"": [""Sports""]}, ""devices"": [{""type"": ""android"", ""last_seen"": ""2026-01-24""}, {""type"": ""web"", ""last_seen"": ""2026-02-16""}], ""addresses"": [{""label"": ""home"", ""postcode"": ""39429""}]}"
1282,"{""devices"": [{""type"": ""ios"", ""last_seen"": ""2026-02-05""}, {""type"": ""ios"", ""last_seen"": ""2025-11-23""}]}"
1283,{}
1284,"{""preferences"": {""newsletter"": false, ""categories"": [""Electronics""]}, ""devices"": [{""type"": ""android"", ""last_seen"": ""2026-02-20""}]}"
1285,"{""preferences"": {""newsletter"": false, ""categories"": [""Fashion"", ""Books""]}, ""marketing"": {""campaign"": ""refer-a-friend"", ""ab_bucket"": ""B""}}"
1286,"{""preferences"": {""newsletter"": false, ""categories"": [""Groceries""]}, ""marketing"": {""campaign"": ""app-install"", ""ab_bucket"": ""A""}}"
1287,"{""preferences"": {""newsletter"": true, ""categories"": [""Beauty""]}, ""addresses"": [{""label"": ""office"", ""postcode"": ""34060""}]}"
1288,"{""preferences"": {""newsletter"": true, ""categories"": [""Sports""]}, ""addresses"": [{""label"": ""parents"", ""postcode"": ""69082""}]}"
1289,"{""marketing"": {""campaign"": ""app-install"", ""ab_bucket"": ""B""}}"
1290,"{""preferences"": {""newsletter"": false, ""categories"": [""Books""]}}"
1291,"{""preferences"": {""newsletter"": false, ""categories"": [""Electronics"", ""Fashion""]}, ""devices"": [{""type"": ""android"", ""last_seen"": ""2026-04-19""}, {""type"": ""android"", ""last_seen"": ""2026-01-01""}], ""addresses"": [{""label"": ""home"", ""postcode"": ""36350""}]}"
1292,"{""preferences"": {""newsletter"": true, ""categories"": [""Fashion"", ""Books"", ""Groceries""]}, ""marketing"": {""campaign"": ""1111-early-access"", ""ab_bucket"": ""A""}, ""addresses"": [{""label"": ""office"", ""postcode"": ""26102""}, {""label"": ""home"", ""postcode"": ""97861""}]}"
1293,"{""preferences"": {""newsletter"": true, ""categories"": [""Toys"", ""Groceries"", ""Home & Living""]}, ""devices"": [{""type"": ""ios"", ""last_seen"": ""2026-02-20""}], ""addresses"": [{""label"": ""home"", ""postcode"": ""40255""}]}"
1294,"{""preferences"": {""newsletter"": true, ""categories"": [""Electronics""]}, ""devices"": [{""type"": ""android"", ""last_seen"": ""2025-11-04""}, {""type"": ""web"", ""last_seen"": ""2025-10-09""}], ""marketing"": {""campaign"": ""app-install"", ""ab_bucket"": ""A""}}"
1295,"{""devices"": [{""type"": ""web"", ""last_seen"": ""2025-11-22""}, {""type"": ""android"", ""last_seen"": ""2026-08-25""}]}"
1296,"{""devices"": [{""type"": ""web"", ""last_seen"": ""2026-07-05""}, {""type"": ""ios"", ""last_seen"": ""2026-07-02""}]}"
1297,"{""preferences"": {""newsletter"": true, ""categories"": [""Electronics"", ""Groceries"", ""Sports""]}}"
1298,"{""preferences"": {""newsletter"": true, ""categories"": [""Beauty""]}, ""addresses"": [{""label"": ""home"", ""postcode"": ""27038""}]}"
1299,"{""preferences"": {""newsletter"": false, ""categories"": [""Groceries"", ""Books"", ""Toys""]}}"
1300,{}
1301,"{""marketing"": {""campaign"": ""1111-early-access"", ""ab_bucket"": ""A""}, ""addresses"": [{""label"": ""office"", ""postcode"": ""42738""}, {""label"": ""parents"", ""postcode"": ""38876""}]}"
1302,"{""preferences"": {""newsletter"": true, ""categories"": [""Groceries""]}, ""addresses"": [{""label"": ""home"", ""postcode"": ""10197""}, {""label"": ""parents"", ""postcode"": ""80723""}]}"
1303,"{""preferences"": {""newsletter"": false, ""categories"": [""Toys"", ""Electronics""]}, ""devices"": [{""type"": ""ios"", ""last_seen"": ""2025-10-06""}]}"
1304,"{""preferences"": {""newsletter"": false, ""categories"": [""Books"", ""Home & Living""]}}"
1305,"{""preferences"": {""newsletter"": true, ""categories"": [""Books"", ""Beauty""]}, ""devices"": [{""type"": ""ios"", ""last_seen"": ""2026-04-02""}], ""addresses"": [{""label"": ""office"", ""postcode"": ""55782""}]}"
1306,"{""preferences"": {""newsletter"": false, ""categories"": [""Sports""]}, ""devices"": [{""type"": ""android"", ""last_seen"": ""2026-01-20""}, {""type"": ""ios"", ""last_seen"": ""2025-12-17""}], ""addresses"": [{""label"": ""home"", ""postcode"": ""42029""}, {""label"": ""office"", ""postcode"": ""70722""}]}"
1307,"{""addresses"": [{""label"": ""home"", ""postcode"": ""96932""}, {""label"": ""office"", ""postcode"": ""43975""}]}"
1308,"{""preferences"": {""newsletter"": true, ""categories"": [""Electronics"", ""Books"", ""Home & Living""]}, ""addresses"": [{""label"": ""home"", ""postcode"": ""94196""}]}"
1309,"{""devices"": [{""type"": ""web"", ""last_seen"": ""2026-09-05""}, {""type"": ""ios"", ""last_seen"": ""2026-09-30""}], ""addresses"": [{""label"": ""parents"", ""postcode"": ""80226""}, {""label"": ""office"", ""postcode"": ""75470""}]}"
1310,"{""preferences"": {""newsletter"": false, ""categories"": [""Groceries""]}, ""devices"": [{""type"": ""ios"", ""last_seen"": ""2026-09-10""}, {""type"": ""ios"", ""last_seen"": ""2025-10-22""}], ""addresses"": [{""label"": ""office"", ""postcode"": ""42053""}, {""label"": ""parents"", ""postcode"": ""51114""}]}"
1311,"{""devices"": [{""type"": ""web"", ""last_seen"": ""2025-11-30""}, {""type"": ""web"", ""last_seen"": ""2026-05-11""}], ""addresses"": [{""label"": ""home"", ""postcode"": ""90021""}]}"
1312,"{""preferences"": {""newsletter"": true, ""categories"": [""Electronics""]}, ""devices"": [{""type"": ""web"", ""last_seen"": ""2026-01-20""}, {""type"": ""ios"", ""last_seen"": ""2026-02-22""}]}"
1313,"{""preferences"": {""newsletter"": false, ""categories"": [""Sports"", ""Books""]}, ""marketing"": {""campaign"": ""1111-early-access"", ""ab_bucket"": ""A""}, ""addresses"": [{""label"": ""home"", ""postcode"": ""38749""}]}"
1314,"{""devices"": [{""type"": ""ios"", ""last_seen"": ""2025-12-22""}, {""type"": ""web"", ""last_seen"": ""2026-03-22""}], ""marketing"": {""campaign"": ""refer-a-friend"", ""ab_bucket"": ""A""}}"
1315,"{""addresses"": [{""label"": ""parents"", ""postcode"": ""64778""}, {""label"": ""home"", ""postcode"": ""90733""}]}"
1316,"{""preferences"": {""newsletter"": false, ""categories"": [""Books""]}}"
1317,"{""preferences"": {""newsletter"": true, ""categories"": [""Beauty""]}}"
1318,"{""addresses"": [{""label"": ""home"", ""postcode"": ""66892""}, {""label"": ""parents"", ""postcode"": ""82371""}]}"
1319,"{""devices"": [{""type"": ""web"", ""last_seen"": ""2026-08-08""}], ""marketing"": {""campaign"": ""app-install"", ""ab_bucket"": ""A""}, ""addresses"": [{""label"": ""office"", ""postcode"": ""88654""}]}"
1320,{}
1321,"{""marketing"": {""campaign"": ""app-install"", ""ab_bucket"": ""A""}}"
1322,"{""devices"": [{""type"": ""android"", ""last_seen"": ""2026-07-31""}]}"
1323,"{""devices"": [{""type"": ""web"", ""last_seen"": ""2026-04-19""}]}"
1324,"{""preferences"": {""newsletter"": true, ""categories"": [""Books"", ""Fashion""]}, ""devices"": [{""type"": ""android"", ""last_seen"": ""2026-03-16""}], ""marketing"": {""campaign"": ""refer-a-friend"", ""ab_bucket"": ""B""}}"
1325,"{""preferences"": {""newsletter"": true, ""categories"": [""Home & Living"", ""Groceries""]}}"
1326,"{""preferences"": {""newsletter"": false, ""categories"": [""Books"", ""Home & Living"", ""Toys""]}}"
1327,"{""preferences"": {""newsletter"": false, ""categories"": [""Sports"", ""Electronics"", ""Beauty""]}}"
1328,"{""preferences"": {""newsletter"": true, ""categories"": [""Electronics"", ""Home & Living"", ""Groceries""]}, ""devices"": [{""type"": ""web"", ""last_seen"": ""2026-08-24""}]}"
1329,"{""preferences"": {""newsletter"": true, ""categories"": [""Electronics"", ""Beauty""]}}"
1330,"{""preferences"": {""newsletter"": true, ""categories"": [""Beauty"", ""Groceries"", ""Toys""]}, ""addresses"": [{""label"": ""parents"", ""postcode"": ""87988""}]}"
1331,"{""preferences"": {""newsletter"": true, ""categories"": [""Electronics""]}, ""devices"": [{""type"": ""android"", ""last_seen"": ""2025-10-07""}, {""type"": ""ios"", ""last_seen"": ""2025-10-01""}], ""marketing"": {""campaign"": ""app-install"", ""ab_bucket"": ""B""}}"
1332,"{""preferences"": {""newsletter"": false, ""categories"": [""Toys""]}, ""devices"": [{""type"": ""web"", ""last_seen"": ""2026-02-11""}], ""addresses"": [{""label"": ""parents"", ""postcode"": ""66622""}, {""label"": ""office"", ""postcode"": ""68828""}]}"
1333,"{""preferences"": {""newsletter"": true, ""categories"": [""Home & Living"", ""Beauty""]}, ""addresses"": [{""label"": ""office"", ""postcode"": ""58806""}]}"
1334,"{""preferences"": {""newsletter"": false, ""categories"": [""Groceries""]}}"
1335,"{""preferences"": {""newsletter"": false, ""categories"": [""Fashion""]}, ""devices"": [{""type"": ""web"", ""last_seen"": ""2026-08-02""}, {""type"": ""android"", ""last_seen"": ""2026-06-02""}], ""marketing"": {""campaign"": ""refer-a-friend"", ""ab_bucket"": ""A""}, ""addresses"": [{""label"": ""home"", ""postcode"": ""89821""}]}"
1336,"{""preferences"": {""newsletter"": true, ""categories"": [""Sports"", ""Beauty""]}, ""addresses"": [{""label"": ""office"", ""postcode"": ""88745""}, {""label"": ""home"", ""postcode"": ""67288""}]}"
1337,"{""preferences"": {""newsletter"": true, ""categories"": [""Home & Living""]}, ""devices"": [{""type"": ""ios"", ""last_seen"": ""2025-11-22""}, {""type"": ""ios"", ""last_seen"": ""2026-09-25""}]}"
1338,"{""devices"": [{""type"": ""ios"", ""last_seen"": ""2026-08-24""}, {""type"": ""ios"", ""last_seen"": ""2026-08-21""}]}"
1339,"{""preferences"": {""newsletter"": false, ""categories"": [""Toys"", ""Fashion""]}, ""devices"": [{""type"": ""ios"", ""last_seen"": ""2026-09-14""}, {""type"": ""android"", ""last_seen"": ""2025-12-11""}], ""addresses"": [{""label"": ""home"", ""postcode"": ""74127""}, {""label"": ""office"", ""postcode"": ""58266""}]}"
1340,"{""preferences"": {""newsletter"": false, ""categories"": [""Sports"", ""Books""]}, ""devices"": [{""type"": ""android"", ""last_seen"": ""2026-03-07""}, {""type"": ""android"", ""last_seen"": ""2026-05-30""}], ""marketing"": {""campaign"": ""refer-a-friend"", ""ab_bucket"": ""A""}}"
1341,"{""devices"": [{""type"": ""ios"", ""last_seen"": ""2026-04-01""}, {""type"": ""web"", ""last_seen"": ""2026-03-03""}]}"
1342,"{""preferences"": {""newsletter"": true, ""categories"": [""Electronics"", ""Fashion"", ""Groceries""]}, ""devices"": [{""type"": ""android"", ""last_seen"": ""2025-11-12""}], ""addresses"": [{""label"": ""home"", ""postcode"": ""94450""}]}"
1343,"{""preferences"": {""newsletter"": false, ""categories"": [""Fashion"", ""Home & Living"", ""Books""]}, ""addresses"": [{""label"": ""home"", ""postcode"": ""99688""}, {""label"": ""office"", ""postcode"": ""18204""}]}"
1344,{}
1345,"{""preferences"": {""newsletter"": true, ""categories"": [""Groceries"", ""Beauty""]}, ""devices"": [{""type"": ""android"", ""last_seen"": ""2026-04-12""}, {""type"": ""ios"", ""last_seen"": ""2026-07-31""}]}"
1346,"{""preferences"": {""newsletter"": false, ""categories"": [""Groceries"", ""Home & Living"", ""Books""]}, ""devices"": [{""type"": ""web"", ""last_seen"": ""2025-10-19""}], ""marketing"": {""campaign"": ""app-install"", ""ab_bucket"": ""B""}}"
1347,"{""devices"": [{""type"": ""web"", ""last_seen"": ""2026-08-01""}]}"
1348,"{""preferences"": {""newsletter"": false, ""categories"": [""Books"", ""Sports"", ""Home & Living""]}}"
1349,"{""preferences"": {""newsletter"": false, ""categories"": [""Electronics""]}, ""devices"": [{""type"": ""android"", ""last_seen"": ""2026-07-26""}]}"
1350,"{""preferences"": {""newsletter"": false, ""categories"": [""Books"", ""Electronics"", ""Beauty""]}, ""devices"": [{""type"": ""web"", ""last_seen"": ""2026-06-28""}, {""type"": ""android"", ""last_seen"": ""2026-02-12""}]}"
1351,"{""devices"": [{""type"": ""web"", ""last_seen"": ""2026-01-20""}], ""addresses"": [{""label"": ""office"", ""postcode"": ""20736""}, {""label"": ""home"", ""postcode"": ""85775""}]}"
1352,"{""devices"": [{""type"": ""ios"", ""last_seen"": ""2026-08-13""}]}"
1353,"{""preferences"": {""newsletter"": true, ""categories"": [""Groceries""]}, ""addresses"": [{""label"": ""home"", ""postcode"": ""76137""}, {""label"": ""office"", ""postcode"": ""80577""}]}"
1354,"{""marketing"": {""campaign"": ""app-install"", ""ab_bucket"": ""B""}, ""addresses"": [{""label"": ""home"", ""postcode"": ""85454""}]}"
1355,"{""preferences"": {""newsletter"": false, ""categories"": [""Sports"", ""Fashion""]}, ""addresses"": [{""label"": ""home"", ""postcode"": ""79614""}, {""label"": ""parents"", ""postcode"": ""53003""}]}"
1356,"{""preferences"": {""newsletter"": true, ""categories"": [""Books""]}, ""devices"": [{""type"": ""android"", ""last_seen"": ""2026-09-22""}]}"
1357,"{""preferences"": {""newsletter"": false, ""categories"": [""Groceries"", ""Sports"", ""Fashion""]}, ""devices"": [{""type"": ""web"", ""last_seen"": ""2025-10-31""}]}"
1358,"{""preferences"": {""newsletter"": true, ""categories"": [""Books"", ""Toys""]}, ""devices"": [{""type"": ""android"", ""last_seen"": ""2026-04-11""}, {""type"": ""ios"", ""last_seen"": ""2026-07-27""}], ""addresses"": [{""label"": ""home"", ""postcode"": ""59785""}, {""label"": ""parents"", ""postcode"": ""48034""}]}"
1359,"{""marketing"": {""campaign"": ""1111-early-access"", ""ab_bucket"": ""A""}}"
1360,"{""preferences"": {""newsletter"": false, ""categories"": [""Sports"", ""Home & Living""]}, ""devices"": [{""type"": ""ios"", ""last_seen"": ""2025-10-18""}, {""type"": ""ios"", ""last_seen"": ""2026-08-16""}]}"
1361,"{""preferences"": {""newsletter"": true, ""categories"": [""Electronics"", ""Home & Living""]}, ""marketing"": {""campaign"": ""app-install"", ""ab_bucket"": ""A""}, ""addresses"": [{""label"": ""home"", ""postcode"": ""44610""}]}"
1362,"{""preferences"": {""newsletter"": true, ""categories"": [""Sports"", ""Toys"", ""Home & Living""]}}"
1363,{}
1364,"{""preferences"": {""newsletter"": false, ""categories"": [""Books"", ""Groceries""]}, ""devices"": [{""type"": ""android"", ""last_seen"": ""2025-11-27""}, {""type"": ""web"", ""last_seen"": ""2026-01-30""}]}"
1365,"{""preferences"": {""newsletter"": true, ""categories"": [""Groceries"", ""Books"", ""Sports""]}}"
1366,"{""devices"": [{""type"": ""ios"", ""last_seen"": ""2026-07-30""}, {""type"": ""web"", ""last_seen"": ""2026-06-25""}]}"
1367,"{""preferences"": {""newsletter"": true, ""categories"": [""Sports"", ""Groceries""]}, ""marketing"": {""campaign"": ""refer-a-friend"", ""ab_bucket"": ""A""}, ""addresses"": [{""label"": ""parents"", ""postcode"": ""11632""}]}"
1368,"{""marketing"": {""campaign"": ""1111-early-access"", ""ab_bucket"": ""B""}, ""addresses"": [{""label"": ""home"", ""postcode"": ""44336""}, {""label"": ""parents"", ""postcode"": ""18889""}]}"
1369,"{""devices"": [{""type"": ""ios"", ""last_seen"": ""2025-10-04""}, {""type"": ""android"", ""last_seen"": ""2026-02-21""}], ""marketing"": {""campaign"": ""1111-early-access"", ""ab_bucket"": ""B""}}"
1370,"{""marketing"": {""campaign"": ""refer-a-friend"", ""ab_bucket"": ""B""}, ""addresses"": [{""label"": ""home"", ""postcode"": ""46313""}]}"
1371,{}
1372,"{""devices"": [{""type"": ""android"", ""last_seen"": ""2026-09-21""}], ""addresses"": [{""label"": ""home"", ""postcode"": ""79936""}, {""label"": ""parents"", ""postcode"": ""91508""}]}"
1373,"{""preferences"": {""newsletter"": true, ""categories"": [""Groceries""]}, ""addresses"": [{""label"": ""home"", ""postcode"": ""14167""}]}"
1374,"{""preferences"": {""newsletter"": true, ""categories"": [""Toys"", ""Fashion"", ""Beauty""]}, ""addresses"": [{""label"": ""office"", ""postcode"": ""13935""}, {""label"": ""parents"", ""postcode"": ""17855""}]}"
1375,"{""devices"": [{""type"": ""ios"", ""last_seen"": ""2026-08-12""}, {""type"": ""android"", ""last_seen"": ""2025-11-15""}], ""marketing"": {""campaign"": ""1111-early-access"", ""ab_bucket"": ""B""}, ""addresses"": [{""label"": ""home"", ""postcode"": ""36764""}]}"
1376,"{""preferences"": {""newsletter"": true, ""categories"": [""Fashion""]}, ""devices"": [{""type"": ""android"", ""last_seen"": ""2026-09-29""}, {""type"": ""android"", ""last_seen"": ""2026-04-27""}]}"
1377,"{""preferences"": {""newsletter"": true, ""categories"": [""Sports"", ""Fashion""]}, ""addresses"": [{""label"": ""office"", ""postcode"": ""48421""}]}"
1378,"{""preferences"": {""newsletter"": true, ""categories"": [""Sports"", ""Groceries"", ""Electronics""]}, ""devices"": [{""type"": ""web"", ""last_seen"": ""2026-02-17""}]}"
1379,"{""preferences"": {""newsletter"": true, ""categories"": [""Beauty""]}, ""addresses"": [{""label"": ""parents"", ""postcode"": ""83032""}, {""label"": ""office"", ""postcode"": ""13159""}]}"
1380,"{""preferences"": {""newsletter"": true, ""categories"": [""Home & Living""]}, ""devices"": [{""type"": ""android"", ""last_seen"": ""2026-07-02""}]}"
1381,"{""preferences"": {""newsletter"": false, ""categories"": [""Groceries"", ""Home & Living"", ""Beauty""]}}"
1382,{}
1383,"{""devices"": [{""type"": ""android"", ""last_seen"": ""2026-02-27""}]}"
1384,"{""addresses"": [{""label"": ""home"", ""postcode"": ""52734""}]}"
1385,"{""preferences"": {""newsletter"": true, ""categories"": [""Groceries"", ""Home & Living"", ""Books""]}, ""marketing"": {""campaign"": ""1111-early-access"", ""ab_bucket"": ""A""}, ""addresses"": [{""label"": ""home"", ""postcode"": ""74443""}]}"
1386,"{""preferences"": {""newsletter"": true, ""categories"": [""Electronics""]}, ""devices"": [{""type"": ""web"", ""last_seen"": ""2026-06-23""}]}"
1387,"{""preferences"": {""newsletter"": false, ""categories"": [""Fashion"", ""Electronics"", ""Home & Living""]}, ""devices"": [{""type"": ""ios"", ""last_seen"": ""2026-07-24""}]}"
1388,"{""preferences"": {""newsletter"": true, ""categories"": [""Books"", ""Toys""]}, ""marketing"": {""campaign"": ""1111-early-access"", ""ab_bucket"": ""B""}, ""addresses"": [{""label"": ""parents"", ""postcode"": ""65739""}]}"
1389,{}
1390,"{""devices"": [{""type"": ""web"", ""last_seen"": ""2025-11-13""}]}"
1391,"{""devices"": [{""type"": ""ios"", ""last_seen"": ""2026-08-22""}]}"
1392,"{""preferences"": {""newsletter"": true, ""categories"": [""Sports"", ""Home & Living""]}}"
1393,"{""preferences"": {""newsletter"": false, ""categories"": [""Home & Living""]}, ""addresses"": [{""label"": ""home"", ""postcode"": ""95539""}]}"
1394,"{""preferences"": {""newsletter"": false, ""categories"": [""Electronics""]}, ""addresses"": [{""label"": ""parents"", ""postcode"": ""27818""}, {""label"": ""office"", ""postcode"": ""71285""}]}"
1395,"{""preferences"": {""newsletter"": true, ""categories"": [""Sports""]}, ""devices"": [{""type"": ""web"", ""last_seen"": ""2025-12-11""}], ""addresses"": [{""label"": ""parents"", ""postcode"": ""64876""}]}"
1396,"{""preferences"": {""newsletter"": false, ""categories"": [""Fashion"", ""Electronics""]}, ""devices"": [{""type"": ""ios"", ""last_seen"": ""2025-10-29""}]}"
1397,"{""preferences"": {""newsletter"": false, ""categories"": [""Home & Living"", ""Fashion"", ""Groceries""]}}"
1398,"{""marketing"": {""campaign"": ""app-install"", ""ab_bucket"": ""B""}}"
1399,"{""devices"": [{""type"": ""web"", ""last_seen"": ""2025-10-24""}, {""type"": ""android"", ""last_seen"": ""2026-09-01""}], ""marketing"": {""campaign"": ""1111-early-access"", ""ab_bucket"": ""B""}}"
1400,"{""preferences"": {""newsletter"": true, ""categories"": [""Books"", ""Toys""]}, ""addresses"": [{""label"": ""office"", ""postcode"": ""44009""}, {""label"": ""home"", ""postcode"": ""40785""}]}"
1401,"{""preferences"": {""newsletter"": true, ""categories"": [""Fashion"", ""Toys""]}}"
1402,"{""devices"": [{""type"": ""web"", ""last_seen"": ""2026-04-23""}, {""type"": ""ios"", ""last_seen"": ""2025-12-06""}], ""addresses"": [{""label"": ""office"", ""postcode"": ""76930""}, {""label"": ""parents"", ""postcode"": ""45332""}]}"
1403,"{""preferences"": {""newsletter"": true, ""categories"": [""Electronics""]}}"
1404,"{""preferences"": {""newsletter"": true, ""categories"": [""Beauty"", ""Home & Living""]}, ""devices"": [{""type"": ""web"", ""last_seen"": ""2026-04-12""}, {""type"": ""web"", ""last_seen"": ""2025-12-18""}], ""addresses"": [{""label"": ""parents"", ""postcode"": ""43132""}, {""label"": ""office"", ""postcode"": ""89246""}]}"
1405,"{""preferences"": {""newsletter"": true, ""categories"": [""Sports"", ""Groceries"", ""Home & Living""]}, ""marketing"": {""campaign"": ""1111-early-access"", ""ab_bucket"": ""A""}}"
1406,"{""preferences"": {""newsletter"": true, ""categories"": [""Groceries"", ""Fashion"", ""Home & Living""]}, ""devices"": [{""type"": ""web"", ""last_seen"": ""2026-06-15""}, {""type"": ""ios"", ""last_seen"": ""2025-11-03""}], ""addresses"": [{""label"": ""parents"", ""postcode"": ""63104""}, {""label"": ""home"", ""postcode"": ""63104""}]}"
1407,"{""preferences"": {""newsletter"": true, ""categories"": [""Sports"", ""Fashion""]}}"
1408,"{""preferences"": {""newsletter"": false, ""categories"": [""Electronics"", ""Groceries""]}, ""addresses"": [{""label"": ""home"", ""postcode"": ""36559""}, {""label"": ""parents"", ""postcode"": ""31385""}]}"
1409,"{""preferences"": {""newsletter"": false, ""categories"": [""Fashion""]}, ""devices"": [{""type"": ""ios"", ""last_seen"": ""2025-10-07""}, {""type"": ""ios"", ""last_seen"": ""2026-03-02""}]}"
1410,"{""preferences"": {""newsletter"": true, ""categories"": [""Groceries"", ""Electronics"", ""Toys""]}, ""devices"": [{""type"": ""ios"", ""last_seen"": ""2026-03-31""}, {""type"": ""web"", ""last_seen"": ""2026-08-12""}]}"
1411,"{""preferences"": {""newsletter"": false, ""categories"": [""Electronics"", ""Toys""]}, ""devices"": [{""type"": ""android"", ""last_seen"": ""2026-03-24""}], ""marketing"": {""campaign"": ""app-install"", ""ab_bucket"": ""A""}}"
1412,"{""preferences"": {""newsletter"": true, ""categories"": [""Books""]}, ""marketing"": {""campaign"": ""1111-early-access"", ""ab_bucket"": ""B""}, ""addresses"": [{""label"": ""home"", ""postcode"": ""13603""}, {""label"": ""office"", ""postcode"": ""82420""}]}"
1413,"{""preferences"": {""newsletter"": false, ""categories"": [""Groceries"", ""Home & Living"", ""Beauty""]}, ""marketing"": {""campaign"": ""1111-early-access"", ""ab_bucket"": ""B""}, ""addresses"": [{""label"": ""home"", ""postcode"": ""68642""}]}"
1414,"{""preferences"": {""newsletter"": false, ""categories"": [""Toys"", ""Groceries"", ""Home & Living""]}, ""addresses"": [{""label"": ""parents"", ""postcode"": ""43671""}]}"
1415,"{""devices"": [{""type"": ""android"", ""last_seen"": ""2026-07-27""}], ""marketing"": {""campaign"": ""refer-a-friend"", ""ab_bucket"": ""B""}}"
1416,"{""preferences"": {""newsletter"": true, ""categories"": [""Fashion"", ""Books""]}}"
1417,{}
1418,"{""preferences"": {""newsletter"": false, ""categories"": [""Sports"", ""Groceries"", ""Fashion""]}, ""devices"": [{""type"": ""web"", ""last_seen"": ""2026-09-21""}], ""marketing"": {""campaign"": ""app-install"", ""ab_bucket"": ""A""}}"
1419,"{""preferences"": {""newsletter"": true, ""categories"": [""Fashion"", ""Groceries""]}, ""devices"": [{""type"": ""ios"", ""last_seen"": ""2025-12-15""}], ""marketing"": {""campaign"": ""1111-early-access"", ""ab_bucket"": ""B""}}"
1420,"{""preferences"": {""newsletter"": false, ""categories"": [""Toys"", ""Fashion"", ""Home & Living""]}, ""marketing"": {""campaign"": ""refer-a-friend"", ""ab_bucket"": ""A""}}"
1421,"{""preferences"": {""newsletter"": false, ""categories"": [""Groceries"", ""Books"", ""Electronics""]}, ""devices"": [{""type"": ""web"", ""last_seen"": ""2026-03-22""}]}"
1422,"{""preferences"": {""newsletter"": true, ""categories"": [""Toys""]}, ""addresses"": [{""label"": ""office"", ""postcode"": ""59332""}, {""label"": ""home"", ""postcode"": ""93819""}]}"
1423,"{""preferences"": {""newsletter"": true, ""categories"": [""Groceries"", ""Books""]}}"
1424,"{""preferences"": {""newsletter"": true, ""categories"": [""Books"", ""Electronics"", ""Home & Living""]}, ""devices"": [{""type"": ""web"", ""last_seen"": ""2026-06-04""}, {""type"": ""web"", ""last_seen"": ""2026-08-25""}]}"
1425,"{""preferences"": {""newsletter"": false, ""categories"": [""Sports"", ""Groceries""]}, ""devices"": [{""type"": ""web"", ""last_seen"": ""2026-03-16""}, {""type"": ""web"", ""last_seen"": ""2026-05-24""}]}"
1426,"{""preferences"": {""newsletter"": true, ""categories"": [""Books""]}, ""devices"": [{""type"": ""ios"", ""last_seen"": ""2026-05-18""}, {""type"": ""android"", ""last_seen"": ""2026-05-08""}], ""addresses"": [{""label"": ""parents"", ""postcode"": ""28850""}, {""label"": ""home"", ""postcode"": ""72683""}]}"
1427,"{""addresses"": [{""label"": ""home"", ""postcode"": ""79338""}]}"
1428,"{""preferences"": {""newsletter"": false, ""categories"": [""Groceries"", ""Sports"", ""Toys""]}, ""devices"": [{""type"": ""web"", ""last_seen"": ""2026-03-21""}]}"
1429,{}
1430,"{""preferences"": {""newsletter"": false, ""categories"": [""Toys"", ""Beauty"", ""Groceries""]}, ""devices"": [{""type"": ""web"", ""last_seen"": ""2026-08-01""}, {""type"": ""android"", ""last_seen"": ""2026-06-13""}], ""addresses"": [{""label"": ""office"", ""postcode"": ""20089""}]}"
1431,"{""preferences"": {""newsletter"": false, ""categories"": [""Beauty"", ""Groceries""]}}"
1432,"{""preferences"": {""newsletter"": true, ""categories"": [""Books""]}}"
1433,"{""preferences"": {""newsletter"": false, ""categories"": [""Fashion"", ""Home & Living""]}, ""devices"": [{""type"": ""web"", ""last_seen"": ""2026-07-11""}, {""type"": ""ios"", ""last_seen"": ""2025-10-17""}]}"
1434,"{""preferences"": {""newsletter"": false, ""categories"": [""Groceries"", ""Sports"", ""Books""]}, ""devices"": [{""type"": ""ios"", ""last_seen"": ""2026-09-13""}, {""type"": ""android"", ""last_seen"": ""2026-02-15""}], ""addresses"": [{""label"": ""parents"", ""postcode"": ""19365""}, {""label"": ""home"", ""postcode"": ""69058""}]}"
1435,"{""preferences"": {""newsletter"": false, ""categories"": [""Electronics"", ""Books""]}, ""devices"": [{""type"": ""ios"", ""last_seen"": ""2026-01-03""}]}"
1436,"{""preferences"": {""newsletter"": true, ""categories"": [""Groceries"", ""Fashion""]}, ""marketing"": {""campaign"": ""1111-early-access"", ""ab_bucket"": ""A""}}"
1437,"{""marketing"": {""campaign"": ""app-install"", ""ab_bucket"": ""A""}}"
1438,"{""preferences"": {""newsletter"": false, ""categories"": [""Fashion""]}, ""marketing"": {""campaign"": ""app-install"", ""ab_bucket"": ""A""}, ""addresses"": [{""label"": ""home"", ""postcode"": ""66419""}, {""label"": ""parents"", ""postcode"": ""65021""}]}"
1439,"{""preferences"": {""newsletter"": true, ""categories"": [""Books""]}, ""devices"": [{""type"": ""ios"", ""last_seen"": ""2026-05-20""}, {""type"": ""web"", ""last_seen"": ""2025-10-01""}]}"
1440,"{""devices"": [{""type"": ""web"", ""last_seen"": ""2025-10-06""}]}"
1441,{}
1442,"{""preferences"": {""newsletter"": true, ""categories"": [""Toys""]}, ""marketing"": {""campaign"": ""1111-early-access"", ""ab_bucket"": ""A""}}"
1443,"{""devices"": [{""type"": ""ios"", ""last_seen"": ""2026-08-13""}], ""addresses"": [{""label"": ""office"", ""postcode"": ""99515""}, {""label"": ""parents"", ""postcode"": ""14376""}]}"
1444,"{""preferences"": {""newsletter"": false, ""categories"": [""Beauty"", ""Groceries"", ""Fashion""]}, ""devices"": [{""type"": ""android"", ""last_seen"": ""2026-02-04""}], ""addresses"": [{""label"": ""home"", ""postcode"": ""80438""}, {""label"": ""parents"", ""postcode"": ""13493""}]}"
1445,"{""preferences"": {""newsletter"": false, ""categories"": [""Sports"", ""Electronics""]}, ""devices"": [{""type"": ""android"", ""last_seen"": ""2026-03-20""}]}"
1446,"{""marketing"": {""campaign"": ""refer-a-friend"", ""ab_bucket"": ""B""}}"
1447,"{""preferences"": {""newsletter"": false, ""categories"": [""Toys"", ""Sports""]}, ""marketing"": {""campaign"": ""1111-early-access"", ""ab_bucket"": ""A""}}"
1448,"{""preferences"": {""newsletter"": true, ""categories"": [""Books"", ""Home & Living""]}, ""devices"": [{""type"": ""android"", ""last_seen"": ""2026-04-15""}, {""type"": ""ios"", ""last_seen"": ""2025-12-12""}]}"
1449,"{""preferences"": {""newsletter"": false, ""categories"": [""Sports"", ""Home & Living"", ""Fashion""]}, ""devices"": [{""type"": ""ios"", ""last_seen"": ""2026-09-27""}], ""marketing"": {""campaign"": ""refer-a-friend"", ""ab_bucket"": ""A""}}"
1450,"{""preferences"": {""newsletter"": false, ""categories"": [""Sports""]}, ""devices"": [{""type"": ""web"", ""last_seen"": ""2026-05-15""}]}"
1451,"{""marketing"": {""campaign"": ""1111-early-access"", ""ab_bucket"": ""A""}}"
1452,{}
1453,"{""devices"": [{""type"": ""ios"", ""last_seen"": ""2025-12-27""}]}"
1454,"{""preferences"": {""newsletter"": true, ""categories"": [""Sports"", ""Beauty"", ""Home & Living""]}, ""devices"": [{""type"": ""web"", ""last_seen"": ""2026-06-15""}, {""type"": ""android"", ""last_seen"": ""2026-06-27""}]}"
1455,"{""preferences"": {""newsletter"": false, ""categories"": [""Sports""]}, ""devices"": [{""type"": ""web"", ""last_seen"": ""2026-07-27""}]}"
1456,"{""preferences"": {""newsletter"": false, ""categories"": [""Home & Living""]}, ""marketing"": {""campaign"": ""1111-early-access"", ""ab_bucket"": ""A""}}"
1457,"{""preferences"": {""newsletter"": false, ""categories"": [""Sports""]}, ""addresses"": [{""label"": ""home"", ""postcode"": ""42202""}]}"
1458,"{""preferences"": {""newsletter"": false, ""categories"": [""Home & Living"", ""Groceries""]}, ""marketing"": {""campaign"": ""refer-a-friend"", ""ab_bucket"": ""B""}, ""addresses"": [{""label"": ""home"", ""postcode"": ""66401""}, {""label"": ""office"", ""postcode"": ""35454""}]}"
1459,"{""preferences"": {""newsletter"": true, ""categories"": [""Beauty""]}, ""devices"": [{""type"": ""web"", ""last_seen"": ""2026-08-14""}], ""marketing"": {""campaign"": ""1111-early-access"", ""ab_bucket"": ""B""}}"
1460,"{""preferences"": {""newsletter"": true, ""categories"": [""Home & Living""]}, ""addresses"": [{""label"": ""office"", ""postcode"": ""99795""}, {""label"": ""home"", ""postcode"": ""64786""}]}"
1461,"{""addresses"": [{""label"": ""home"", ""postcode"": ""32736""}, {""label"": ""office"", ""postcode"": ""36199""}]}"
1462,"{""preferences"": {""newsletter"": true, ""categories"": [""Groceries""]}, ""devices"": [{""type"": ""android"", ""last_seen"": ""2026-09-30""}, {""type"": ""ios"", ""last_seen"": ""2026-05-11""}]}"
1463,"{""preferences"": {""newsletter"": false, ""categories"": [""Home & Living"", ""Beauty""]}}"
1464,"{""preferences"": {""newsletter"": true, ""categories"": [""Home & Living"", ""Sports""]}}"
1465,"{""preferences"": {""newsletter"": true, ""categories"": [""Beauty"", ""Fashion""]}, ""devices"": [{""type"": ""ios"", ""last_seen"": ""2025-12-26""}], ""addresses"": [{""label"": ""office"", ""postcode"": ""20193""}, {""label"": ""parents"", ""postcode"": ""75039""}]}"
1466,"{""preferences"": {""newsletter"": true, ""categories"": [""Books"", ""Sports""]}, ""marketing"": {""campaign"": ""refer-a-friend"", ""ab_bucket"": ""B""}}"
1467,"{""preferences"": {""newsletter"": true, ""categories"": [""Home & Living"", ""Fashion""]}, ""addresses"": [{""label"": ""home"", ""postcode"": ""88069""}]}"
1468,"{""preferences"": {""newsletter"": false, ""categories"": [""Fashion""]}, ""devices"": [{""type"": ""ios"", ""last_seen"": ""2026-03-14""}, {""type"": ""web"", ""last_seen"": ""2026-08-05""}], ""marketing"": {""campaign"": ""1111-early-access"", ""ab_bucket"": ""A""}}"
1469,"{""preferences"": {""newsletter"": false, ""categories"": [""Beauty"", ""Books""]}, ""addresses"": [{""label"": ""office"", ""postcode"": ""16714""}]}"
1470,"{""devices"": [{""type"": ""android"", ""last_seen"": ""2026-05-01""}, {""type"": ""android"", ""last_seen"": ""2025-12-07""}]}"
1471,"{""preferences"": {""newsletter"": false, ""categories"": [""Fashion"", ""Sports"", ""Home & Living""]}}"
1472,"{""preferences"": {""newsletter"": false, ""categories"": [""Electronics"", ""Toys""]}}"
1473,"{""preferences"": {""newsletter"": true, ""categories"": [""Beauty""]}}"
1474,"{""preferences"": {""newsletter"": true, ""categories"": [""Books"", ""Toys""]}}"
1475,"{""preferences"": {""newsletter"": false, ""categories"": [""Fashion"", ""Sports""]}, ""devices"": [{""type"": ""web"", ""last_seen"": ""2026-08-28""}, {""type"": ""web"", ""last_seen"": ""2026-05-09""}]}"
1476,"{""preferences"": {""newsletter"": true, ""categories"": [""Home & Living"", ""Toys"", ""Sports""]}}"
1477,"{""preferences"": {""newsletter"": false, ""categories"": [""Sports"", ""Books"", ""Fashion""]}, ""devices"": [{""type"": ""web"", ""last_seen"": ""2026-05-22""}], ""marketing"": {""campaign"": ""app-install"", ""ab_bucket"": ""B""}}"
1478,"{""preferences"": {""newsletter"": true, ""categories"": [""Electronics""]}, ""addresses"": [{""label"": ""office"", ""postcode"": ""35120""}]}"
1479,"{""preferences"": {""newsletter"": false, ""categories"": [""Home & Living"", ""Beauty"", ""Electronics""]}, ""addresses"": [{""label"": ""home"", ""postcode"": ""70771""}]}"
1480,"{""preferences"": {""newsletter"": true, ""categories"": [""Sports"", ""Fashion"", ""Electronics""]}, ""devices"": [{""type"": ""ios"", ""last_seen"": ""2026-09-11""}]}"
1481,"{""preferences"": {""newsletter"": false, ""categories"": [""Books"", ""Electronics""]}, ""addresses"": [{""label"": ""parents"", ""postcode"": ""34884""}, {""label"": ""office"", ""postcode"": ""10261""}]}"
1482,"{""preferences"": {""newsletter"": false, ""categories"": [""Sports"", ""Toys"", ""Fashion""]}}"
1483,"{""preferences"": {""newsletter"": true, ""categories"": [""Groceries""]}, ""addresses"": [{""label"": ""parents"", ""postcode"": ""24928""}]}"
1484,"{""devices"": [{""type"": ""web"", ""last_seen"": ""2026-09-02""}, {""type"": ""ios"", ""last_seen"": ""2026-08-31""}], ""addresses"": [{""label"": ""office"", ""postcode"": ""16079""}]}"
1485,"{""preferences"": {""newsletter"": true, ""categories"": [""Beauty""]}, ""devices"": [{""type"": ""web"", ""last_seen"": ""2026-08-24""}]}"
1486,"{""preferences"": {""newsletter"": false, ""categories"": [""Sports"", ""Groceries""]}, ""addresses"": [{""label"": ""office"", ""postcode"": ""29307""}]}"
1487,"{""preferences"": {""newsletter"": false, ""categories"": [""Sports"", ""Electronics"", ""Groceries""]}, ""marketing"": {""campaign"": ""app-install"", ""ab_bucket"": ""A""}}"
1488,"{""preferences"": {""newsletter"": false, ""categories"": [""Beauty""]}}"
1489,"{""preferences"": {""newsletter"": false, ""categories"": [""Home & Living"", ""Toys""]}, ""devices"": [{""type"": ""ios"", ""last_seen"": ""2025-11-11""}, {""type"": ""ios"", ""last_seen"": ""2025-10-06""}], ""addresses"": [{""label"": ""office"", ""postcode"": ""31273""}]}"
1490,"{""marketing"": {""campaign"": ""1111-early-access"", ""ab_bucket"": ""B""}}"
1491,"{""preferences"": {""newsletter"": false, ""categories"": [""Beauty"", ""Books""]}, ""devices"": [{""type"": ""ios"", ""last_seen"": ""2026-03-30""}, {""type"": ""android"", ""last_seen"": ""2026-01-22""}]}"
1492,"{""devices"": [{""type"": ""ios"", ""last_seen"": ""2026-04-23""}], ""addresses"": [{""label"": ""home"", ""postcode"": ""56173""}]}"
1493,"{""marketing"": {""campaign"": ""1111-early-access"", ""ab_bucket"": ""A""}, ""addresses"": [{""label"": ""office"", ""postcode"": ""62852""}]}"
1494,"{""preferences"": {""newsletter"": true, ""categories"": [""Books"", ""Groceries""]}, ""addresses"": [{""label"": ""office"", ""postcode"": ""34378""}]}"
1495,"{""preferences"": {""newsletter"": true, ""categories"": [""Fashion"", ""Beauty""]}}"
1496,"{""marketing"": {""campaign"": ""app-install"", ""ab_bucket"": ""A""}, ""addresses"": [{""label"": ""office"", ""postcode"": ""74937""}, {""label"": ""parents"", ""postcode"": ""69105""}]}"
1497,"{""preferences"": {""newsletter"": false, ""categories"": [""Sports""]}, ""addresses"": [{""label"": ""parents"", ""postcode"": ""79190""}]}"
1498,"{""preferences"": {""newsletter"": true, ""categories"": [""Sports""]}, ""devices"": [{""type"": ""android"", ""last_seen"": ""2025-12-15""}, {""type"": ""web"", ""last_seen"": ""2025-11-04""}], ""addresses"": [{""label"": ""home"", ""postcode"": ""47256""}]}"
1499,"{""marketing"": {""campaign"": ""app-install"", ""ab_bucket"": ""B""}, ""addresses"": [{""label"": ""parents"", ""postcode"": ""97996""}, {""label"": ""office"", ""postcode"": ""60298""}]}"
1500,"{""devices"": [{""type"": ""ios"", ""last_seen"": ""2026-06-23""}], ""marketing"": {""campaign"": ""refer-a-friend"", ""ab_bucket"": ""A""}, ""addresses"": [{""label"": ""office"", ""postcode"": ""89774""}, {""label"": ""parents"", ""postcode"": ""23409""}]}"
1501,{}
1502,"{""preferences"": {""newsletter"": false, ""categories"": [""Electronics""]}, ""addresses"": [{""label"": ""parents"", ""postcode"": ""72952""}, {""label"": ""office"", ""postcode"": ""30045""}]}"
1503,"{""devices"": [{""type"": ""android"", ""last_seen"": ""2026-06-09""}]}"
1504,"{""preferences"": {""newsletter"": true, ""categories"": [""Electronics""]}}"
1505,"{""marketing"": {""campaign"": ""1111-early-access"", ""ab_bucket"": ""A""}}"
1506,"{""preferences"": {""newsletter"": true, ""categories"": [""Electronics"", ""Fashion""]}, ""devices"": [{""type"": ""android"", ""last_seen"": ""2026-03-08""}]}"
1507,{}
1508,"{""preferences"": {""newsletter"": true, ""categories"": [""Fashion"", ""Groceries"", ""Beauty""]}}"
1509,"{""preferences"": {""newsletter"": false, ""categories"": [""Fashion"", ""Home & Living""]}, ""devices"": [{""type"": ""android"", ""last_seen"": ""2025-10-19""}], ""addresses"": [{""label"": ""parents"", ""postcode"": ""55129""}, {""label"": ""home"", ""postcode"": ""55392""}]}"
1510,"{""preferences"": {""newsletter"": false, ""categories"": [""Groceries"", ""Toys"", ""Home & Living""]}, ""devices"": [{""type"": ""android"", ""last_seen"": ""2025-10-25""}]}"
1511,"{""addresses"": [{""label"": ""home"", ""postcode"": ""89194""}, {""label"": ""parents"", ""postcode"": ""81556""}]}"
1512,"{""preferences"": {""newsletter"": false, ""categories"": [""Electronics"", ""Fashion"", ""Sports""]}, ""devices"": [{""type"": ""web"", ""last_seen"": ""2026-02-20""}, {""type"": ""web"", ""last_seen"": ""2026-09-21""}]}"
1513,"{""preferences"": {""newsletter"": false, ""categories"": [""Sports"", ""Toys""]}}"
1514,"{""preferences"": {""newsletter"": true, ""categories"": [""Electronics"", ""Sports""]}}"
1515,"{""devices"": [{""type"": ""ios"", ""last_seen"": ""2026-09-13""}]}"
1516,"{""devices"": [{""type"": ""web"", ""last_seen"": ""2025-12-14""}]}"
1517,"{""preferences"": {""newsletter"": true, ""categories"": [""Fashion""]}, ""devices"": [{""type"": ""ios"", ""last_seen"": ""2026-03-01""}, {""type"": ""android"", ""last_seen"": ""2026-09-16""}], ""addresses"": [{""label"": ""office"", ""postcode"": ""39607""}]}"
1518,"{""preferences"": {""newsletter"": true, ""categories"": [""Electronics"", ""Groceries""]}}"
1519,{}
1520,"{""preferences"": {""newsletter"": true, ""categories"": [""Groceries"", ""Electronics"", ""Home & Living""]}, ""devices"": [{""type"": ""ios"", ""last_seen"": ""2026-04-15""}], ""marketing"": {""campaign"": ""app-install"", ""ab_bucket"": ""B""}, ""addresses"": [{""label"": ""office"", ""postcode"": ""10778""}, {""label"": ""parents"", ""postcode"": ""38322""}]}"
1521,"{""preferences"": {""newsletter"": true, ""categories"": [""Beauty"", ""Books""]}, ""addresses"": [{""label"": ""parents"", ""postcode"": ""93006""}]}"
1522,{}
1523,"{""preferences"": {""newsletter"": true, ""categories"": [""Beauty"", ""Groceries"", ""Books""]}}"
1524,"{""devices"": [{""type"": ""ios"", ""last_seen"": ""2025-12-08""}, {""type"": ""android"", ""last_seen"": ""2026-03-28""}]}"
1525,"{""preferences"": {""newsletter"": true, ""categories"": [""Sports"", ""Toys""]}}"
1526,"{""preferences"": {""newsletter"": false, ""categories"": [""Toys"", ""Books""]}, ""devices"": [{""type"": ""android"", ""last_seen"": ""2026-02-22""}]}"
1527,"{""preferences"": {""newsletter"": false, ""categories"": [""Toys""]}, ""addresses"": [{""label"": ""home"", ""postcode"": ""28289""}, {""label"": ""office"", ""postcode"": ""50579""}]}"
1528,"{""preferences"": {""newsletter"": true, ""categories"": [""Electronics"", ""Fashion""]}, ""devices"": [{""type"": ""android"", ""last_seen"": ""2026-06-16""}], ""addresses"": [{""label"": ""parents"", ""postcode"": ""10572""}]}"
1529,"{""preferences"": {""newsletter"": false, ""categories"": [""Groceries"", ""Electronics""]}, ""devices"": [{""type"": ""web"", ""last_seen"": ""2025-11-01""}, {""type"": ""android"", ""last_seen"": ""2025-12-06""}], ""marketing"": {""campaign"": ""refer-a-friend"", ""ab_bucket"": ""A""}, ""addresses"": [{""label"": ""office"", ""postcode"": ""84339""}, {""label"": ""parents"", ""postcode"": ""44779""}]}"
1530,"{""preferences"": {""newsletter"": false, ""categories"": [""Books"", ""Sports""]}, ""devices"": [{""type"": ""ios"", ""last_seen"": ""2026-07-21""}, {""type"": ""web"", ""last_seen"": ""2025-11-10""}]}"
1531,"{""preferences"": {""newsletter"": false, ""categories"": [""Beauty"", ""Books"", ""Home & Living""]}, ""devices"": [{""type"": ""web"", ""last_seen"": ""2026-01-29""}], ""marketing"": {""campaign"": ""refer-a-friend"", ""ab_bucket"": ""B""}, ""addresses"": [{""label"": ""office"", ""postcode"": ""59054""}, {""label"": ""home"", ""postcode"": ""71434""}]}"
1532,"{""devices"": [{""type"": ""ios"", ""last_seen"": ""2025-10-04""}, {""type"": ""web"", ""last_seen"": ""2025-11-21""}], ""addresses"": [{""label"": ""office"", ""postcode"": ""41705""}, {""label"": ""parents"", ""postcode"": ""38444""}]}"
1533,"{""preferences"": {""newsletter"": false, ""categories"": [""Sports"", ""Home & Living""]}, ""devices"": [{""type"": ""android"", ""last_seen"": ""2026-01-31""}]}"
1534,"{""preferences"": {""newsletter"": false, ""categories"": [""Home & Living"", ""Fashion"", ""Toys""]}, ""addresses"": [{""label"": ""home"", ""postcode"": ""99916""}]}"
1535,"{""preferences"": {""newsletter"": false, ""categories"": [""Home & Living""]}, ""addresses"": [{""label"": ""office"", ""postcode"": ""89252""}, {""label"": ""home"", ""postcode"": ""87462""}]}"
1536,"{""addresses"": [{""label"": ""home"", ""postcode"": ""17546""}, {""label"": ""office"", ""postcode"": ""68007""}]}"
1537,"{""devices"": [{""type"": ""web"", ""last_seen"": ""2026-04-20""}]}"
1538,"{""devices"": [{""type"": ""android"", ""last_seen"": ""2026-05-19""}], ""addresses"": [{""label"": ""office"", ""postcode"": ""76352""}]}"
1539,"{""preferences"": {""newsletter"": false, ""categories"": [""Beauty""]}, ""marketing"": {""campaign"": ""refer-a-friend"", ""ab_bucket"": ""A""}, ""addresses"": [{""label"": ""home"", ""postcode"": ""27730""}, {""label"": ""office"", ""postcode"": ""92598""}]}"
1540,"{""preferences"": {""newsletter"": true, ""categories"": [""Sports"", ""Electronics""]}}"
1541,"{""preferences"": {""newsletter"": true, ""categories"": [""Home & Living"", ""Electronics""]}, ""marketing"": {""campaign"": ""refer-a-friend"", ""ab_bucket"": ""A""}}"
1542,{}
1543,"{""preferences"": {""newsletter"": false, ""categories"": [""Books""]}}"
1544,"{""preferences"": {""newsletter"": false, ""categories"": [""Toys"", ""Electronics""]}}"
1545,"{""preferences"": {""newsletter"": false, ""categories"": [""Sports"", ""Beauty"", ""Electronics""]}, ""devices"": [{""type"": ""web"", ""last_seen"": ""2026-07-08""}]}"
1546,"{""preferences"": {""newsletter"": false, ""categories"": [""Sports""]}, ""devices"": [{""type"": ""ios"", ""last_seen"": ""2026-09-16""}]}"
1547,"{""devices"": [{""type"": ""android"", ""last_seen"": ""2025-12-28""}, {""type"": ""web"", ""last_seen"": ""2025-12-22""}]}"
1548,"{""preferences"": {""newsletter"": false, ""categories"": [""Beauty""]}}"
1549,"{""preferences"": {""newsletter"": true, ""categories"": [""Beauty""]}}"
1550,"{""preferences"": {""newsletter"": false, ""categories"": [""Groceries"", ""Toys""]}}"
1551,"{""addresses"": [{""label"": ""home"", ""postcode"": ""81172""}]}"
1552,"{""preferences"": {""newsletter"": true, ""categories"": [""Toys"", ""Books""]}}"
1553,"{""devices"": [{""type"": ""android"", ""last_seen"": ""2025-11-21""}, {""type"": ""ios"", ""last_seen"": ""2026-02-08""}], ""addresses"": [{""label"": ""home"", ""postcode"": ""60648""}]}"
1554,"{""devices"": [{""type"": ""android"", ""last_seen"": ""2025-11-06""}]}"
1555,"{""preferences"": {""newsletter"": false, ""categories"": [""Books"", ""Home & Living"", ""Electronics""]}, ""devices"": [{""type"": ""ios"", ""last_seen"": ""2026-06-28""}]}"
1556,{}
1557,"{""preferences"": {""newsletter"": false, ""categories"": [""Groceries"", ""Electronics"", ""Fashion""]}, ""devices"": [{""type"": ""web"", ""last_seen"": ""2025-10-25""}, {""type"": ""web"", ""last_seen"": ""2026-08-10""}], ""addresses"": [{""label"": ""parents"", ""postcode"": ""37864""}, {""label"": ""home"", ""postcode"": ""45273""}]}"
1558,"{""preferences"": {""newsletter"": true, ""categories"": [""Books"", ""Fashion"", ""Home & Living""]}, ""devices"": [{""type"": ""web"", ""last_seen"": ""2026-02-15""}], ""marketing"": {""campaign"": ""refer-a-friend"", ""ab_bucket"": ""B""}}"
1559,"{""devices"": [{""type"": ""android"", ""last_seen"": ""2026-06-18""}, {""type"": ""ios"", ""last_seen"": ""2026-07-21""}]}"
1560,"{""devices"": [{""type"": ""ios"", ""last_seen"": ""2025-12-26""}, {""type"": ""web"", ""last_seen"": ""2026-08-12""}], ""addresses"": [{""label"": ""home"", ""postcode"": ""21799""}]}"
1561,"{""preferences"": {""newsletter"": false, ""categories"": [""Beauty"", ""Groceries""]}, ""devices"": [{""type"": ""ios"", ""last_seen"": ""2025-11-19""}]}"
1562,"{""devices"": [{""type"": ""ios"", ""last_seen"": ""2026-06-20""}, {""type"": ""android"", ""last_seen"": ""2026-02-14""}]}"
1563,"{""preferences"": {""newsletter"": false, ""categories"": [""Groceries"", ""Toys"", ""Sports""]}}"
1564,"{""preferences"": {""newsletter"": false, ""categories"": [""Groceries"", ""Toys""]}}"
1565,"{""preferences"": {""newsletter"": false, ""categories"": [""Groceries"", ""Fashion""]}, ""marketing"": {""campaign"": ""app-install"", ""ab_bucket"": ""A""}}"
1566,{}
1567,"{""devices"": [{""type"": ""web"", ""last_seen"": ""2025-12-13""}, {""type"": ""ios"", ""last_seen"": ""2026-08-31""}]}"
1568,"{""preferences"": {""newsletter"": false, ""categories"": [""Groceries""]}, ""devices"": [{""type"": ""web"", ""last_seen"": ""2026-07-05""}, {""type"": ""web"", ""last_seen"": ""2026-08-23""}]}"
1569,"{""preferences"": {""newsletter"": false, ""categories"": [""Groceries"", ""Beauty""]}, ""devices"": [{""type"": ""web"", ""last_seen"": ""2026-06-26""}], ""marketing"": {""campaign"": ""app-install"", ""ab_bucket"": ""A""}}"
1570,"{""preferences"": {""newsletter"": true, ""categories"": [""Sports"", ""Home & Living"", ""Books""]}}"
1571,"{""preferences"": {""newsletter"": true, ""categories"": [""Home & Living""]}}"
1572,"{""addresses"": [{""label"": ""parents"", ""postcode"": ""81673""}]}"
1573,"{""preferences"": {""newsletter"": false, ""categories"": [""Home & Living""]}, ""marketing"": {""campaign"": ""refer-a-friend"", ""ab_bucket"": ""A""}}"
1574,"{""preferences"": {""newsletter"": false, ""categories"": [""Books""]}, ""addresses"": [{""label"": ""home"", ""postcode"": ""46031""}]}"
1575,"{""marketing"": {""campaign"": ""refer-a-friend"", ""ab_bucket"": ""A""}}"
1576,"{""marketing"": {""campaign"": ""refer-a-friend"", ""ab_bucket"": ""B""}, ""addresses"": [{""label"": ""office"", ""postcode"": ""23311""}, {""label"": ""home"", ""postcode"": ""32388""}]}"
1577,"{""devices"": [{""type"": ""android"", ""last_seen"": ""2025-12-05""}]}"
1578,"{""devices"": [{""type"": ""android"", ""last_seen"": ""2026-06-18""}, {""type"": ""web"", ""last_seen"": ""2026-01-16""}], ""marketing"": {""campaign"": ""1111-early-access"", ""ab_bucket"": ""B""}, ""addresses"": [{""label"": ""home"", ""postcode"": ""29973""}, {""label"": ""parents"", ""postcode"": ""39729""}]}"
1579,"{""preferences"": {""newsletter"": false, ""categories"": [""Fashion"", ""Toys""]}, ""devices"": [{""type"": ""android"", ""last_seen"": ""2026-08-13""}, {""type"": ""android"", ""last_seen"": ""2026-07-03""}], ""marketing"": {""campaign"": ""1111-early-access"", ""ab_bucket"": ""A""}}"
1580,{}
1581,"{""preferences"": {""newsletter"": true, ""categories"": [""Toys""]}}"
1582,"{""addresses"": [{""label"": ""home"", ""postcode"": ""76721""}, {""label"": ""parents"", ""postcode"": ""61577""}]}"
1583,"{""preferences"": {""newsletter"": true, ""categories"": [""Sports"", ""Toys"", ""Fashion""]}, ""marketing"": {""campaign"": ""1111-early-access"", ""ab_bucket"": ""B""}, ""addresses"": [{""label"": ""home"", ""postcode"": ""92159""}, {""label"": ""office"", ""postcode"": ""43330""}]}"
1584,"{""devices"": [{""type"": ""android"", ""last_seen"": ""2026-09-29""}, {""type"": ""android"", ""last_seen"": ""2026-04-18""}], ""marketing"": {""campaign"": ""1111-early-access"", ""ab_bucket"": ""B""}}"
1585,"{""preferences"": {""newsletter"": false, ""categories"": [""Fashion"", ""Beauty"", ""Electronics""]}}"
1586,"{""preferences"": {""newsletter"": false, ""categories"": [""Beauty""]}, ""addresses"": [{""label"": ""office"", ""postcode"": ""87437""}, {""label"": ""home"", ""postcode"": ""43442""}]}"
1587,"{""addresses"": [{""label"": ""office"", ""postcode"": ""36382""}, {""label"": ""home"", ""postcode"": ""13758""}]}"
1588,{}
1589,"{""preferences"": {""newsletter"": false, ""categories"": [""Groceries"", ""Beauty""]}, ""marketing"": {""campaign"": ""refer-a-friend"", ""ab_bucket"": ""B""}}"
1590,"{""preferences"": {""newsletter"": false, ""categories"": [""Sports""]}, ""addresses"": [{""label"": ""parents"", ""postcode"": ""67372""}]}"
1591,"{""preferences"": {""newsletter"": true, ""categories"": [""Fashion"", ""Home & Living""]}, ""devices"": [{""type"": ""android"", ""last_seen"": ""2026-04-25""}, {""type"": ""ios"", ""last_seen"": ""2026-02-18""}]}"
1592,{}
1593,"{""preferences"": {""newsletter"": true, ""categories"": [""Toys"", ""Books"", ""Groceries""]}, ""devices"": [{""type"": ""android"", ""last_seen"": ""2026-07-26""}, {""type"": ""ios"", ""last_seen"": ""2026-08-24""}], ""marketing"": {""campaign"": ""app-install"", ""ab_bucket"": ""B""}}"
1594,"{""preferences"": {""newsletter"": false, ""categories"": [""Toys"", ""Home & Living"", ""Electronics""]}}"
1595,"{""preferences"": {""newsletter"": false, ""categories"": [""Beauty"", ""Sports"", ""Electronics""]}, ""devices"": [{""type"": ""ios"", ""last_seen"": ""2025-11-03""}]}"
1596,"{""preferences"": {""newsletter"": true, ""categories"": [""Fashion"", ""Electronics""]}, ""devices"": [{""type"": ""web"", ""last_seen"": ""2026-06-22""}, {""type"": ""android"", ""last_seen"": ""2026-07-29""}], ""addresses"": [{""label"": ""parents"", ""postcode"": ""11058""}]}"
1597,"{""preferences"": {""newsletter"": true, ""categories"": [""Electronics""]}}"
1598,"{""preferences"": {""newsletter"": true, ""categories"": [""Toys""]}, ""devices"": [{""type"": ""android"", ""last_seen"": ""2026-01-26""}]}"
1599,"{""preferences"": {""newsletter"": true, ""categories"": [""Groceries""]}, ""addresses"": [{""label"": ""office"", ""postcode"": ""63286""}, {""label"": ""home"", ""postcode"": ""94189""}]}"
1600,"{""preferences"": {""newsletter"": true, ""categories"": [""Fashion"", ""Home & Living"", ""Groceries""]}, ""devices"": [{""type"": ""ios"", ""last_seen"": ""2026-04-25""}], ""marketing"": {""campaign"": ""1111-early-access"", ""ab_bucket"": ""A""}, ""addresses"": [{""label"": ""office"", ""postcode"": ""12472""}, {""label"": ""parents"", ""postcode"": ""98510""}]}"
1601,"{""preferences"": {""newsletter"": true, ""categories"": [""Fashion""]}, ""devices"": [{""type"": ""android"", ""last_seen"": ""2026-07-29""}, {""type"": ""web"", ""last_seen"": ""2025-12-12""}], ""marketing"": {""campaign"": ""refer-a-friend"", ""ab_bucket"": ""B""}}"
1602,"{""preferences"": {""newsletter"": true, ""categories"": [""Beauty"", ""Groceries""]}, ""marketing"": {""campaign"": ""app-install"", ""ab_bucket"": ""A""}, ""addresses"": [{""label"": ""home"", ""postcode"": ""22531""}, {""label"": ""parents"", ""postcode"": ""96934""}]}"
1603,"{""preferences"": {""newsletter"": true, ""categories"": [""Fashion""]}, ""devices"": [{""type"": ""android"", ""last_seen"": ""2026-01-01""}]}"
1604,"{""preferences"": {""newsletter"": true, ""categories"": [""Sports""]}, ""devices"": [{""type"": ""android"", ""last_seen"": ""2026-03-02""}, {""type"": ""web"", ""last_seen"": ""2026-05-15""}], ""addresses"": [{""label"": ""parents"", ""postcode"": ""66282""}, {""label"": ""office"", ""postcode"": ""35339""}]}"
1605,"{""preferences"": {""newsletter"": false, ""categories"": [""Books"", ""Toys"", ""Fashion""]}, ""devices"": [{""type"": ""ios"", ""last_seen"": ""2026-08-15""}, {""type"": ""android"", ""last_seen"": ""2026-01-27""}]}"
1606,"{""preferences"": {""newsletter"": false, ""categories"": [""Fashion"", ""Home & Living"", ""Beauty""]}, ""addresses"": [{""label"": ""parents"", ""postcode"": ""76964""}]}"
1607,"{""devices"": [{""type"": ""android"", ""last_seen"": ""2026-07-25""}], ""addresses"": [{""label"": ""office"", ""postcode"": ""66924""}, {""label"": ""parents"", ""postcode"": ""51652""}]}"
1608,"{""devices"": [{""type"": ""web"", ""last_seen"": ""2026-02-05""}, {""type"": ""ios"", ""last_seen"": ""2026-02-26""}], ""marketing"": {""campaign"": ""app-install"", ""ab_bucket"": ""B""}}"
1609,"{""preferences"": {""newsletter"": false, ""categories"": [""Beauty"", ""Toys""]}, ""addresses"": [{""label"": ""parents"", ""postcode"": ""47567""}]}"
1610,"{""preferences"": {""newsletter"": false, ""categories"": [""Home & Living"", ""Books""]}, ""addresses"": [{""label"": ""office"", ""postcode"": ""22606""}]}"
1611,"{""preferences"": {""newsletter"": true, ""categories"": [""Fashion"", ""Electronics""]}, ""devices"": [{""type"": ""ios"", ""last_seen"": ""2026-05-31""}, {""type"": ""ios"", ""last_seen"": ""2026-04-13""}], ""marketing"": {""campaign"": ""app-install"", ""ab_bucket"": ""A""}}"
1612,"{""marketing"": {""campaign"": ""1111-early-access"", ""ab_bucket"": ""B""}}"
1613,"{""preferences"": {""newsletter"": true, ""categories"": [""Books"", ""Beauty""]}, ""devices"": [{""type"": ""ios"", ""last_seen"": ""2026-07-24""}, {""type"": ""web"", ""last_seen"": ""2025-12-24""}]}"
1614,"{""preferences"": {""newsletter"": false, ""categories"": [""Sports"", ""Electronics"", ""Fashion""]}, ""devices"": [{""type"": ""web"", ""last_seen"": ""2026-09-06""}, {""type"": ""ios"", ""last_seen"": ""2026-09-07""}], ""marketing"": {""campaign"": ""app-install"", ""ab_bucket"": ""B""}}"
1615,"{""devices"": [{""type"": ""ios"", ""last_seen"": ""2026-03-18""}], ""marketing"": {""campaign"": ""1111-early-access"", ""ab_bucket"": ""A""}, ""addresses"": [{""label"": ""home"", ""postcode"": ""55862""}, {""label"": ""parents"", ""postcode"": ""84870""}]}"
1616,"{""devices"": [{""type"": ""ios"", ""last_seen"": ""2026-01-24""}], ""marketing"": {""campaign"": ""refer-a-friend"", ""ab_bucket"": ""A""}}"
1617,"{""preferences"": {""newsletter"": false, ""categories"": [""Electronics"", ""Groceries""]}, ""addresses"": [{""label"": ""home"", ""postcode"": ""66906""}]}"
1618,"{""preferences"": {""newsletter"": true, ""categories"": [""Fashion"", ""Groceries""]}, ""devices"": [{""type"": ""web"", ""last_seen"": ""2025-12-22""}, {""type"": ""ios"", ""last_seen"": ""2025-12-17""}]}"
1619,"{""devices"": [{""type"": ""ios"", ""last_seen"": ""2026-02-27""}], ""marketing"": {""campaign"": ""1111-early-access"", ""ab_bucket"": ""B""}}"
1620,"{""preferences"": {""newsletter"": true, ""categories"": [""Electronics"", ""Toys""]}, ""addresses"": [{""label"": ""home"", ""postcode"": ""81243""}]}"
1621,"{""marketing"": {""campaign"": ""1111-early-access"", ""ab_bucket"": ""A""}}"
1622,"{""preferences"": {""newsletter"": false, ""categories"": [""Fashion"", ""Home & Living"", ""Electronics""]}, ""devices"": [{""type"": ""web"", ""last_seen"": ""2026-03-03""}, {""type"": ""android"", ""last_seen"": ""2025-12-09""}]}"
1623,"{""preferences"": {""newsletter"": true, ""categories"": [""Beauty"", ""Sports""]}, ""devices"": [{""type"": ""ios"", ""last_seen"": ""2026-08-23""}]}"
1624,"{""preferences"": {""newsletter"": false, ""categories"": [""Toys""]}, ""devices"": [{""type"": ""ios"", ""last_seen"": ""2026-09-29""}], ""marketing"": {""campaign"": ""refer-a-friend"", ""ab_bucket"": ""A""}, ""addresses"": [{""label"": ""parents"", ""postcode"": ""96755""}, {""label"": ""office"", ""postcode"": ""34319""}]}"
1625,"{""devices"": [{""type"": ""web"", ""last_seen"": ""2026-03-09""}, {""type"": ""ios"", ""last_seen"": ""2025-10-02""}], ""marketing"": {""campaign"": ""refer-a-friend"", ""ab_bucket"": ""B""}}"
1626,"{""preferences"": {""newsletter"": false, ""categories"": [""Groceries"", ""Beauty""]}}"
1627,"{""devices"": [{""type"": ""android"", ""last_seen"": ""2026-09-05""}, {""type"": ""android"", ""last_seen"": ""2026-01-15""}]}"
1628,"{""preferences"": {""newsletter"": true, ""categories"": [""Toys""]}, ""marketing"": {""campaign"": ""refer-a-friend"", ""ab_bucket"": ""A""}}"
1629,"{""preferences"": {""newsletter"": true, ""categories"": [""Groceries"", ""Books""]}, ""devices"": [{""type"": ""web"", ""last_seen"": ""2026-06-20""}]}"
1630,"{""preferences"": {""newsletter"": false, ""categories"": [""Books""]}, ""devices"": [{""type"": ""ios"", ""last_seen"": ""2026-05-30""}], ""addresses"": [{""label"": ""home"", ""postcode"": ""56029""}]}"
1631,"{""preferences"": {""newsletter"": true, ""categories"": [""Sports"", ""Beauty"", ""Home & Living""]}}"
1632,{}
1633,"{""preferences"": {""newsletter"": true, ""categories"": [""Beauty"", ""Home & Living""]}}"
1634,"{""marketing"": {""campaign"": ""app-install"", ""ab_bucket"": ""B""}}"
1635,"{""devices"": [{""type"": ""ios"", ""last_seen"": ""2026-03-03""}], ""marketing"": {""campaign"": ""refer-a-friend"", ""ab_bucket"": ""B""}, ""addresses"": [{""label"": ""parents"", ""postcode"": ""53636""}]}"
1636,"{""devices"": [{""type"": ""web"", ""last_seen"": ""2026-04-28""}, {""type"": ""android"", ""last_seen"": ""2026-02-25""}]}"
1637,"{""preferences"": {""newsletter"": true, ""categories"": [""Books"", ""Sports""]}}"
1638,"{""preferences"": {""newsletter"": false, ""categories"": [""Books"", ""Home & Living"", ""Fashion""]}}"
1639,{}
1640,"{""preferences"": {""newsletter"": true, ""categories"": [""Electronics"", ""Toys"", ""Home & Living""]}, ""devices"": [{""type"": ""web"", ""last_seen"": ""2026-08-08""}]}"
1641,"{""preferences"": {""newsletter"": false, ""categories"": [""Books"", ""Electronics""]}, ""devices"": [{""type"": ""ios"", ""last_seen"": ""2026-05-16""}, {""type"": ""android"", ""last_seen"": ""2025-11-17""}]}"
1642,"{""preferences"": {""newsletter"": true, ""categories"": [""Beauty"", ""Books""]}, ""addresses"": [{""label"": ""office"", ""postcode"": ""49491""}, {""label"": ""parents"", ""postcode"": ""70271""}]}"
1643,"{""addresses"": [{""label"": ""office"", ""postcode"": ""32820""}]}"
1644,"{""devices"": [{""type"": ""android"", ""last_seen"": ""2026-02-04""}, {""type"": ""android"", ""last_seen"": ""2026-08-04""}], ""marketing"": {""campaign"": ""app-install"", ""ab_bucket"": ""B""}, ""addresses"": [{""label"": ""parents"", ""postcode"": ""60354""}, {""label"": ""home"", ""postcode"": ""32821""}]}"
1645,"{""preferences"": {""newsletter"": true, ""categories"": [""Beauty""]}, ""addresses"": [{""label"": ""office"", ""postcode"": ""39129""}, {""label"": ""home"", ""postcode"": ""20822""}]}"
1646,"{""preferences"": {""newsletter"": true, ""categories"": [""Groceries""]}, ""devices"": [{""type"": ""android"", ""last_seen"": ""2025-12-20""}], ""marketing"": {""campaign"": ""refer-a-friend"", ""ab_bucket"": ""A""}}"
1647,"{""preferences"": {""newsletter"": true, ""categories"": [""Beauty"", ""Sports"", ""Fashion""]}, ""addresses"": [{""label"": ""office"", ""postcode"": ""39005""}]}"
1648,"{""preferences"": {""newsletter"": false, ""categories"": [""Toys"", ""Electronics""]}, ""devices"": [{""type"": ""android"", ""last_seen"": ""2025-11-18""}], ""addresses"": [{""label"": ""parents"", ""postcode"": ""41918""}]}"
1649,"{""preferences"": {""newsletter"": true, ""categories"": [""Home & Living""]}}"
1650,"{""preferences"": {""newsletter"": false, ""categories"": [""Toys""]}, ""devices"": [{""type"": ""ios"", ""last_seen"": ""2026-05-19""}, {""type"": ""web"", ""last_seen"": ""2026-08-15""}], ""addresses"": [{""label"": ""office"", ""postcode"": ""55105""}]}"
1651,"{""preferences"": {""newsletter"": true, ""categories"": [""Fashion"", ""Home & Living"", ""Groceries""]}, ""devices"": [{""type"": ""web"", ""last_seen"": ""2026-02-25""}, {""type"": ""ios"", ""last_seen"": ""2026-05-16""}], ""marketing"": {""campaign"": ""app-install"", ""ab_bucket"": ""A""}}"
1652,{}
1653,"{""preferences"": {""newsletter"": false, ""categories"": [""Home & Living""]}, ""devices"": [{""type"": ""web"", ""last_seen"": ""2025-11-14""}]}"
1654,"{""preferences"": {""newsletter"": true, ""categories"": [""Fashion""]}}"
1655,"{""preferences"": {""newsletter"": true, ""categories"": [""Beauty""]}, ""marketing"": {""campaign"": ""refer-a-friend"", ""ab_bucket"": ""A""}, ""addresses"": [{""label"": ""office"", ""postcode"": ""93330""}]}"
1656,"{""preferences"": {""newsletter"": true, ""categories"": [""Sports""]}, ""devices"": [{""type"": ""ios"", ""last_seen"": ""2026-02-03""}], ""addresses"": [{""label"": ""parents"", ""postcode"": ""80500""}]}"
1657,"{""preferences"": {""newsletter"": true, ""categories"": [""Groceries"", ""Beauty"", ""Sports""]}, ""devices"": [{""type"": ""web"", ""last_seen"": ""2026-02-10""}, {""type"": ""ios"", ""last_seen"": ""2026-06-09""}], ""addresses"": [{""label"": ""office"", ""postcode"": ""84727""}, {""label"": ""parents"", ""postcode"": ""19381""}]}"
1658,"{""preferences"": {""newsletter"": false, ""categories"": [""Toys"", ""Fashion""]}, ""addresses"": [{""label"": ""home"", ""postcode"": ""18337""}, {""label"": ""office"", ""postcode"": ""28939""}]}"
1659,{}
1660,"{""preferences"": {""newsletter"": false, ""categories"": [""Home & Living""]}, ""devices"": [{""type"": ""web"", ""last_seen"": ""2026-04-07""}, {""type"": ""ios"", ""last_seen"": ""2025-10-12""}]}"
1661,"{""preferences"": {""newsletter"": true, ""categories"": [""Fashion"", ""Books""]}, ""marketing"": {""campaign"": ""refer-a-friend"", ""ab_bucket"": ""A""}}"
1662,"{""addresses"": [{""label"": ""home"", ""postcode"": ""27169""}, {""label"": ""parents"", ""postcode"": ""85435""}]}"
1663,"{""preferences"": {""newsletter"": false, ""categories"": [""Books"", ""Beauty""]}}"
1664,{}
1665,"{""preferences"": {""newsletter"": true, ""categories"": [""Home & Living"", ""Electronics"", ""Books""]}}"
1666,"{""preferences"": {""newsletter"": false, ""categories"": [""Sports"", ""Home & Living"", ""Electronics""]}}"
1667,"{""preferences"": {""newsletter"": false, ""categories"": [""Groceries"", ""Fashion"", ""Electronics""]}, ""devices"": [{""type"": ""ios"", ""last_seen"": ""2025-10-14""}]}"
1668,"{""addresses"": [{""label"": ""office"", ""postcode"": ""69160""}]}"
1669,"{""preferences"": {""newsletter"": true, ""categories"": [""Fashion"", ""Toys"", ""Books""]}, ""devices"": [{""type"": ""web"", ""last_seen"": ""2026-09-12""}, {""type"": ""android"", ""last_seen"": ""2026-08-07""}]}"
1670,"{""preferences"": {""newsletter"": false, ""categories"": [""Fashion""]}, ""marketing"": {""campaign"": ""app-install"", ""ab_bucket"": ""B""}}"
1671,"{""marketing"": {""campaign"": ""refer-a-friend"", ""ab_bucket"": ""B""}}"
1672,"{""preferences"": {""newsletter"": false, ""categories"": [""Beauty""]}}"
1673,"{""preferences"": {""newsletter"": true, ""categories"": [""Toys""]}, ""addresses"": [{""label"": ""office"", ""postcode"": ""35025""}]}"
1674,"{""preferences"": {""newsletter"": true, ""categories"": [""Electronics"", ""Fashion"", ""Books""]}, ""marketing"": {""campaign"": ""refer-a-friend"", ""ab_bucket"": ""B""}}"
1675,"{""preferences"": {""newsletter"": false, ""categories"": [""Home & Living""]}}"
1676,"{""preferences"": {""newsletter"": true, ""categories"": [""Fashion""]}, ""devices"": [{""type"": ""android"", ""last_seen"": ""2026-06-22""}, {""type"": ""android"", ""last_seen"": ""2025-11-27""}], ""marketing"": {""campaign"": ""app-install"", ""ab_bucket"": ""B""}}"
1677,"{""preferences"": {""newsletter"": true, ""categories"": [""Electronics"", ""Toys""]}, ""devices"": [{""type"": ""android"", ""last_seen"": ""2026-07-02""}], ""marketing"": {""campaign"": ""1111-early-access"", ""ab_bucket"": ""B""}}"
1678,"{""preferences"": {""newsletter"": true, ""categories"": [""Beauty""]}}"
1679,"{""addresses"": [{""label"": ""parents"", ""postcode"": ""65747""}, {""label"": ""office"", ""postcode"": ""66066""}]}"
1680,"{""devices"": [{""type"": ""ios"", ""last_seen"": ""2025-12-20""}, {""type"": ""android"", ""last_seen"": ""2025-12-31""}]}"
1681,"{""preferences"": {""newsletter"": false, ""categories"": [""Home & Living""]}, ""devices"": [{""type"": ""android"", ""last_seen"": ""2026-05-07""}, {""type"": ""ios"", ""last_seen"": ""2026-01-31""}], ""marketing"": {""campaign"": ""app-install"", ""ab_bucket"": ""B""}}"
1682,"{""addresses"": [{""label"": ""office"", ""postcode"": ""72274""}]}"
1683,"{""preferences"": {""newsletter"": true, ""categories"": [""Books""]}, ""addresses"": [{""label"": ""home"", ""postcode"": ""68010""}]}"
1684,"{""preferences"": {""newsletter"": true, ""categories"": [""Sports"", ""Beauty"", ""Fashion""]}, ""addresses"": [{""label"": ""parents"", ""postcode"": ""71558""}, {""label"": ""office"", ""postcode"": ""22312""}]}"
1685,{}
1686,"{""preferences"": {""newsletter"": true, ""categories"": [""Electronics"", ""Sports""]}}"
1687,"{""preferences"": {""newsletter"": true, ""categories"": [""Home & Living"", ""Toys""]}, ""devices"": [{""type"": ""ios"", ""last_seen"": ""2026-05-23""}, {""type"": ""web"", ""last_seen"": ""2026-01-11""}], ""addresses"": [{""label"": ""parents"", ""postcode"": ""19953""}]}"
1688,"{""preferences"": {""newsletter"": true, ""categories"": [""Beauty"", ""Books"", ""Electronics""]}}"
1689,"{""preferences"": {""newsletter"": true, ""categories"": [""Home & Living"", ""Beauty"", ""Electronics""]}, ""devices"": [{""type"": ""ios"", ""last_seen"": ""2026-04-24""}]}"
1690,"{""marketing"": {""campaign"": ""refer-a-friend"", ""ab_bucket"": ""B""}}"
1691,"{""preferences"": {""newsletter"": true, ""categories"": [""Fashion"", ""Groceries"", ""Home & Living""]}, ""devices"": [{""type"": ""web"", ""last_seen"": ""2026-04-17""}, {""type"": ""android"", ""last_seen"": ""2026-09-13""}]}"
1692,{}
1693,"{""preferences"": {""newsletter"": true, ""categories"": [""Books"", ""Toys"", ""Fashion""]}, ""devices"": [{""type"": ""ios"", ""last_seen"": ""2026-09-18""}]}"
1694,{}
1695,"{""preferences"": {""newsletter"": false, ""categories"": [""Electronics"", ""Toys"", ""Groceries""]}, ""addresses"": [{""label"": ""parents"", ""postcode"": ""59989""}, {""label"": ""home"", ""postcode"": ""88416""}]}"
1696,"{""preferences"": {""newsletter"": true, ""categories"": [""Beauty"", ""Electronics"", ""Sports""]}, ""marketing"": {""campaign"": ""1111-early-access"", ""ab_bucket"": ""B""}}"
1697,"{""preferences"": {""newsletter"": false, ""categories"": [""Toys""]}}"
1698,"{""addresses"": [{""label"": ""office"", ""postcode"": ""79964""}, {""label"": ""home"", ""postcode"": ""94239""}]}"
1699,"{""preferences"": {""newsletter"": true, ""categories"": [""Toys""]}}"
1700,"{""addresses"": [{""label"": ""home"", ""postcode"": ""55724""}]}"
1701,"{""preferences"": {""newsletter"": false, ""categories"": [""Beauty"", ""Sports""]}}"
1702,"{""preferences"": {""newsletter"": true, ""categories"": [""Toys"", ""Books""]}, ""devices"": [{""type"": ""android"", ""last_seen"": ""2026-06-06""}]}"
1703,"{""preferences"": {""newsletter"": false, ""categories"": [""Groceries""]}}"
1704,"{""devices"": [{""type"": ""ios"", ""last_seen"": ""2026-07-31""}, {""type"": ""ios"", ""last_seen"": ""2026-01-03""}]}"
1705,"{""preferences"": {""newsletter"": true, ""categories"": [""Toys"", ""Fashion""]}, ""devices"": [{""type"": ""android"", ""last_seen"": ""2026-02-27""}], ""addresses"": [{""label"": ""parents"", ""postcode"": ""27770""}, {""label"": ""home"", ""postcode"": ""52396""}]}"
1706,"{""devices"": [{""type"": ""web"", ""last_seen"": ""2026-01-05""}]}"
1707,"{""devices"": [{""type"": ""ios"", ""last_seen"": ""2026-04-17""}, {""type"": ""android"", ""last_seen"": ""2026-06-05""}], ""addresses"": [{""label"": ""home"", ""postcode"": ""87362""}]}"
1708,"{""preferences"": {""newsletter"": false, ""categories"": [""Groceries"", ""Electronics""]}, ""devices"": [{""type"": ""ios"", ""last_seen"": ""2025-10-03""}, {""type"": ""web"", ""last_seen"": ""2026-08-05""}], ""marketing"": {""campaign"": ""refer-a-friend"", ""ab_bucket"": ""A""}}"
1709,"{""preferences"": {""newsletter"": false, ""categories"": [""Beauty""]}, ""devices"": [{""type"": ""web"", ""last_seen"": ""2025-12-16""}], ""addresses"": [{""label"": ""parents"", ""postcode"": ""74671""}, {""label"": ""home"", ""postcode"": ""46075""}]}"
1710,"{""preferences"": {""newsletter"": false, ""categories"": [""Beauty""]}, ""addresses"": [{""label"": ""parents"", ""postcode"": ""83504""}]}"
1711,"{""preferences"": {""newsletter"": true, ""categories"": [""Sports""]}}"
1712,"{""preferences"": {""newsletter"": false, ""categories"": [""Sports"", ""Electronics"", ""Toys""]}}"
1713,"{""devices"": [{""type"": ""web"", ""last_seen"": ""2026-06-11""}, {""type"": ""android"", ""last_seen"": ""2025-10-26""}]}"
1714,"{""preferences"": {""newsletter"": true, ""categories"": [""Sports""]}, ""devices"": [{""type"": ""web"", ""last_seen"": ""2026-07-02""}, {""type"": ""web"", ""last_seen"": ""2026-05-03""}]}"
1715,"{""preferences"": {""newsletter"": false, ""categories"": [""Toys"", ""Books"", ""Sports""]}}"
1716,"{""preferences"": {""newsletter"": true, ""categories"": [""Books"", ""Beauty"", ""Home & Living""]}, ""marketing"": {""campaign"": ""app-install"", ""ab_bucket"": ""B""}, ""addresses"": [{""label"": ""parents"", ""postcode"": ""96099""}, {""label"": ""home"", ""postcode"": ""95043""}]}"
1717,"{""preferences"": {""newsletter"": false, ""categories"": [""Toys""]}, ""devices"": [{""type"": ""android"", ""last_seen"": ""2025-10-31""}, {""type"": ""android"", ""last_seen"": ""2025-10-17""}]}"
1718,"{""preferences"": {""newsletter"": false, ""categories"": [""Beauty"", ""Sports"", ""Electronics""]}}"
1719,"{""addresses"": [{""label"": ""home"", ""postcode"": ""65274""}]}"
1720,"{""preferences"": {""newsletter"": false, ""categories"": [""Sports""]}, ""marketing"": {""campaign"": ""1111-early-access"", ""ab_bucket"": ""A""}, ""addresses"": [{""label"": ""home"", ""postcode"": ""28254""}, {""label"": ""parents"", ""postcode"": ""70816""}]}"
1721,"{""preferences"": {""newsletter"": true, ""categories"": [""Beauty"", ""Electronics""]}, ""addresses"": [{""label"": ""home"", ""postcode"": ""96090""}]}"
1722,"{""preferences"": {""newsletter"": true, ""categories"": [""Home & Living"", ""Sports""]}}"
1723,"{""preferences"": {""newsletter"": false, ""categories"": [""Toys"", ""Home & Living"", ""Groceries""]}, ""devices"": [{""type"": ""android"", ""last_seen"": ""2026-08-20""}]}"
1724,"{""preferences"": {""newsletter"": false, ""categories"": [""Toys"", ""Home & Living""]}, ""marketing"": {""campaign"": ""refer-a-friend"", ""ab_bucket"": ""A""}}"
1725,"{""preferences"": {""newsletter"": true, ""categories"": [""Fashion"", ""Groceries""]}, ""devices"": [{""type"": ""web"", ""last_seen"": ""2026-03-12""}]}"
1726,"{""preferences"": {""newsletter"": true, ""categories"": [""Electronics"", ""Sports""]}, ""devices"": [{""type"": ""web"", ""last_seen"": ""2026-09-01""}], ""addresses"": [{""label"": ""office"", ""postcode"": ""84844""}]}"
1727,{}
1728,"{""addresses"": [{""label"": ""office"", ""postcode"": ""98696""}, {""label"": ""home"", ""postcode"": ""23101""}]}"
1729,"{""marketing"": {""campaign"": ""app-install"", ""ab_bucket"": ""B""}}"
1730,{}
1731,"{""preferences"": {""newsletter"": true, ""categories"": [""Books"", ""Beauty""]}, ""addresses"": [{""label"": ""office"", ""postcode"": ""47386""}, {""label"": ""home"", ""postcode"": ""92406""}]}"
1732,"{""preferences"": {""newsletter"": true, ""categories"": [""Toys"", ""Fashion"", ""Electronics""]}}"
1733,"{""preferences"": {""newsletter"": true, ""categories"": [""Fashion"", ""Toys"", ""Beauty""]}}"
1734,"{""devices"": [{""type"": ""web"", ""last_seen"": ""2025-10-28""}]}"
1735,{}
1736,"{""preferences"": {""newsletter"": true, ""categories"": [""Sports"", ""Home & Living""]}}"
1737,"{""preferences"": {""newsletter"": false, ""categories"": [""Home & Living""]}}"
1738,"{""devices"": [{""type"": ""ios"", ""last_seen"": ""2025-12-27""}, {""type"": ""web"", ""last_seen"": ""2026-03-11""}]}"
1739,{}
1740,"{""preferences"": {""newsletter"": false, ""categories"": [""Fashion"", ""Electronics"", ""Groceries""]}}"
1741,"{""preferences"": {""newsletter"": true, ""categories"": [""Sports""]}, ""devices"": [{""type"": ""ios"", ""last_seen"": ""2026-01-29""}]}"
1742,"{""preferences"": {""newsletter"": true, ""categories"": [""Groceries"", ""Sports"", ""Electronics""]}, ""addresses"": [{""label"": ""home"", ""postcode"": ""80447""}]}"
1743,"{""preferences"": {""newsletter"": true, ""categories"": [""Electronics"", ""Beauty""]}, ""addresses"": [{""label"": ""office"", ""postcode"": ""34141""}, {""label"": ""parents"", ""postcode"": ""16051""}]}"
1744,{}
1745,"{""addresses"": [{""label"": ""home"", ""postcode"": ""70132""}]}"
1746,"{""preferences"": {""newsletter"": true, ""categories"": [""Sports"", ""Home & Living""]}, ""devices"": [{""type"": ""android"", ""last_seen"": ""2026-08-07""}, {""type"": ""android"", ""last_seen"": ""2025-12-12""}], ""addresses"": [{""label"": ""home"", ""postcode"": ""69443""}, {""label"": ""parents"", ""postcode"": ""66070""}]}"
1747,"{""preferences"": {""newsletter"": false, ""categories"": [""Groceries"", ""Books"", ""Fashion""]}, ""marketing"": {""campaign"": ""refer-a-friend"", ""ab_bucket"": ""B""}, ""addresses"": [{""label"": ""office"", ""postcode"": ""81290""}, {""label"": ""parents"", ""postcode"": ""38673""}]}"
1748,{}
1749,"{""devices"": [{""type"": ""ios"", ""last_seen"": ""2026-03-04""}, {""type"": ""android"", ""last_seen"": ""2026-04-19""}], ""addresses"": [{""label"": ""home"", ""postcode"": ""10111""}, {""label"": ""parents"", ""postcode"": ""48909""}]}"
1750,"{""preferences"": {""newsletter"": true, ""categories"": [""Fashion"", ""Home & Living"", ""Books""]}, ""devices"": [{""type"": ""ios"", ""last_seen"": ""2026-08-04""}]}"
1751,"{""preferences"": {""newsletter"": true, ""categories"": [""Groceries"", ""Sports"", ""Books""]}, ""addresses"": [{""label"": ""home"", ""postcode"": ""13710""}]}"
1752,"{""preferences"": {""newsletter"": false, ""categories"": [""Fashion"", ""Groceries"", ""Home & Living""]}, ""marketing"": {""campaign"": ""1111-early-access"", ""ab_bucket"": ""A""}}"
1753,"{""preferences"": {""newsletter"": false, ""categories"": [""Groceries""]}}"
1754,"{""preferences"": {""newsletter"": true, ""categories"": [""Fashion""]}}"
1755,"{""preferences"": {""newsletter"": false, ""categories"": [""Sports"", ""Groceries"", ""Books""]}}"
1756,"{""preferences"": {""newsletter"": true, ""categories"": [""Groceries"", ""Books""]}, ""devices"": [{""type"": ""android"", ""last_seen"": ""2026-06-22""}, {""type"": ""web"", ""last_seen"": ""2025-11-18""}]}"
1757,{}
1758,"{""marketing"": {""campaign"": ""refer-a-friend"", ""ab_bucket"": ""A""}}"
1759,"{""preferences"": {""newsletter"": false, ""categories"": [""Electronics""]}, ""devices"": [{""type"": ""web"", ""last_seen"": ""2025-10-25""}], ""marketing"": {""campaign"": ""1111-early-access"", ""ab_bucket"": ""A""}}"
1760,"{""preferences"": {""newsletter"": false, ""categories"": [""Beauty"", ""Books"", ""Electronics""]}, ""marketing"": {""campaign"": ""refer-a-friend"", ""ab_bucket"": ""B""}, ""addresses"": [{""label"": ""home"", ""postcode"": ""50694""}]}"
1761,"{""preferences"": {""newsletter"": true, ""categories"": [""Toys"", ""Sports"", ""Fashion""]}, ""devices"": [{""type"": ""ios"", ""last_seen"": ""2026-09-14""}, {""type"": ""web"", ""last_seen"": ""2026-07-28""}]}"
1762,"{""preferences"": {""newsletter"": false, ""categories"": [""Fashion"", ""Beauty""]}, ""marketing"": {""campaign"": ""app-install"", ""ab_bucket"": ""A""}, ""addresses"": [{""label"": ""parents"", ""postcode"": ""43300""}]}"
1763,"{""addresses"": [{""label"": ""home"", ""postcode"": ""56924""}, {""label"": ""office"", ""postcode"": ""43843""}]}"
1764,"{""preferences"": {""newsletter"": true, ""categories"": [""Beauty""]}, ""devices"": [{""type"": ""web"", ""last_seen"": ""2026-04-23""}, {""type"": ""web"", ""last_seen"": ""2026-09-04""}]}"
1765,{}
1766,{}
1767,"{""preferences"": {""newsletter"": false, ""categories"": [""Books""]}, ""devices"": [{""type"": ""android"", ""last_seen"": ""2025-10-15""}, {""type"": ""android"", ""last_seen"": ""2026-09-20""}], ""marketing"": {""campaign"": ""refer-a-friend"", ""ab_bucket"": ""A""}}"
1768,"{""preferences"": {""newsletter"": false, ""categories"": [""Fashion"", ""Toys""]}}"
1769,"{""preferences"": {""newsletter"": true, ""categories"": [""Fashion""]}, ""marketing"": {""campaign"": ""refer-a-friend"", ""ab_bucket"": ""B""}, ""addresses"": [{""label"": ""parents"", ""postcode"": ""30355""}, {""label"": ""office"", ""postcode"": ""97739""}]}"
1770,"{""devices"": [{""type"": ""android"", ""last_seen"": ""2026-04-29""}, {""type"": ""android"", ""last_seen"": ""2026-09-25""}], ""addresses"": [{""label"": ""parents"", ""postcode"": ""54087""}, {""label"": ""home"", ""postcode"": ""64595""}]}"
1771,"{""preferences"": {""newsletter"": false, ""categories"": [""Fashion"", ""Books"", ""Beauty""]}, ""devices"": [{""type"": ""web"", ""last_seen"": ""2025-12-08""}, {""type"": ""android"", ""last_seen"": ""2026-03-16""}]}"
1772,"{""preferences"": {""newsletter"": false, ""categories"": [""Electronics""]}, ""addresses"": [{""label"": ""home"", ""postcode"": ""14618""}, {""label"": ""parents"", ""postcode"": ""93122""}]}"
1773,"{""marketing"": {""campaign"": ""1111-early-access"", ""ab_bucket"": ""B""}, ""addresses"": [{""label"": ""home"", ""postcode"": ""22172""}, {""label"": ""office"", ""postcode"": ""18575""}]}"
1774,"{""preferences"": {""newsletter"": true, ""categories"": [""Home & Living"", ""Books""]}, ""addresses"": [{""label"": ""office"", ""postcode"": ""77159""}, {""label"": ""home"", ""postcode"": ""34618""}]}"
1775,"{""preferences"": {""newsletter"": false, ""categories"": [""Beauty"", ""Books""]}, ""devices"": [{""type"": ""android"", ""last_seen"": ""2026-08-10""}, {""type"": ""android"", ""last_seen"": ""2025-10-20""}]}"
1776,"{""addresses"": [{""label"": ""office"", ""postcode"": ""54567""}, {""label"": ""home"", ""postcode"": ""12845""}]}"
1777,{}
1778,"{""addresses"": [{""label"": ""office"", ""postcode"": ""63065""}]}"
1779,"{""preferences"": {""newsletter"": false, ""categories"": [""Toys"", ""Home & Living"", ""Fashion""]}, ""addresses"": [{""label"": ""office"", ""postcode"": ""97420""}, {""label"": ""parents"", ""postcode"": ""59452""}]}"
1780,"{""preferences"": {""newsletter"": true, ""categories"": [""Books""]}, ""addresses"": [{""label"": ""parents"", ""postcode"": ""21141""}, {""label"": ""home"", ""postcode"": ""44191""}]}"
1781,"{""preferences"": {""newsletter"": false, ""categories"": [""Books"", ""Electronics"", ""Home & Living""]}, ""devices"": [{""type"": ""android"", ""last_seen"": ""2026-05-10""}, {""type"": ""web"", ""last_seen"": ""2026-03-16""}], ""marketing"": {""campaign"": ""refer-a-friend"", ""ab_bucket"": ""A""}}"
1782,"{""preferences"": {""newsletter"": false, ""categories"": [""Home & Living"", ""Fashion"", ""Books""]}}"
1783,"{""devices"": [{""type"": ""web"", ""last_seen"": ""2026-03-21""}]}"
1784,"{""preferences"": {""newsletter"": false, ""categories"": [""Home & Living"", ""Groceries""]}, ""marketing"": {""campaign"": ""app-install"", ""ab_bucket"": ""A""}}"
1785,"{""marketing"": {""campaign"": ""refer-a-friend"", ""ab_bucket"": ""B""}}"
1786,"{""preferences"": {""newsletter"": true, ""categories"": [""Sports""]}}"
1787,"{""preferences"": {""newsletter"": false, ""categories"": [""Fashion""]}, ""marketing"": {""campaign"": ""app-install"", ""ab_bucket"": ""B""}}"
1788,"{""devices"": [{""type"": ""android"", ""last_seen"": ""2026-03-29""}, {""type"": ""web"", ""last_seen"": ""2026-04-11""}], ""addresses"": [{""label"": ""office"", ""postcode"": ""52932""}]}"
1789,"{""preferences"": {""newsletter"": true, ""categories"": [""Sports"", ""Beauty"", ""Books""]}}"
1790,"{""preferences"": {""newsletter"": true, ""categories"": [""Groceries"", ""Electronics"", ""Beauty""]}, ""addresses"": [{""label"": ""home"", ""postcode"": ""68523""}]}"
1791,"{""preferences"": {""newsletter"": true, ""categories"": [""Groceries""]}, ""devices"": [{""type"": ""android"", ""last_seen"": ""2026-07-03""}, {""type"": ""android"", ""last_seen"": ""2026-09-22""}], ""marketing"": {""campaign"": ""app-install"", ""ab_bucket"": ""B""}}"
1792,"{""preferences"": {""newsletter"": true, ""categories"": [""Toys"", ""Fashion""]}}"
1793,{}
1794,"{""preferences"": {""newsletter"": true, ""categories"": [""Sports""]}, ""addresses"": [{""label"": ""office"", ""postcode"": ""71759""}]}"
1795,"{""marketing"": {""campaign"": ""refer-a-friend"", ""ab_bucket"": ""A""}}"
1796,"{""devices"": [{""type"": ""web"", ""last_seen"": ""2026-09-02""}, {""type"": ""android"", ""last_seen"": ""2026-04-06""}], ""marketing"": {""campaign"": ""1111-early-access"", ""ab_bucket"": ""A""}}"
1797,"{""marketing"": {""campaign"": ""refer-a-friend"", ""ab_bucket"": ""A""}}"
1798,"{""preferences"": {""newsletter"": false, ""categories"": [""Groceries"", ""Electronics""]}, ""devices"": [{""type"": ""android"", ""last_seen"": ""2025-11-11""}, {""type"": ""ios"", ""last_seen"": ""2026-07-08""}], ""marketing"": {""campaign"": ""refer-a-friend"", ""ab_bucket"": ""A""}}"
1799,"{""preferences"": {""newsletter"": true, ""categories"": [""Groceries""]}, ""addresses"": [{""label"": ""parents"", ""postcode"": ""62415""}, {""label"": ""office"", ""postcode"": ""97977""}]}"
1800,"{""preferences"": {""newsletter"": true, ""categories"": [""Toys"", ""Sports""]}, ""marketing"": {""campaign"": ""app-install"", ""ab_bucket"": ""A""}, ""addresses"": [{""label"": ""parents"", ""postcode"": ""40496""}]}"
1801,"{""preferences"": {""newsletter"": false, ""categories"": [""Toys""]}, ""devices"": [{""type"": ""web"", ""last_seen"": ""2026-02-01""}, {""type"": ""web"", ""last_seen"": ""2026-07-01""}]}"
1802,"{""preferences"": {""newsletter"": true, ""categories"": [""Books"", ""Home & Living""]}, ""marketing"": {""campaign"": ""app-install"", ""ab_bucket"": ""A""}, ""addresses"": [{""label"": ""home"", ""postcode"": ""69664""}, {""label"": ""office"", ""postcode"": ""49220""}]}"
1803,"{""preferences"": {""newsletter"": false, ""categories"": [""Home & Living"", ""Toys"", ""Fashion""]}, ""addresses"": [{""label"": ""home"", ""postcode"": ""64213""}, {""label"": ""office"", ""postcode"": ""50644""}]}"
1804,"{""devices"": [{""type"": ""ios"", ""last_seen"": ""2025-12-12""}]}"
1805,{}
1806,"{""preferences"": {""newsletter"": false, ""categories"": [""Sports"", ""Toys"", ""Groceries""]}, ""marketing"": {""campaign"": ""1111-early-access"", ""ab_bucket"": ""B""}, ""addresses"": [{""label"": ""office"", ""postcode"": ""70386""}]}"
1807,"{""preferences"": {""newsletter"": true, ""categories"": [""Fashion"", ""Sports"", ""Toys""]}}"
1808,"{""marketing"": {""campaign"": ""1111-early-access"", ""ab_bucket"": ""A""}}"
1809,"{""addresses"": [{""label"": ""parents"", ""postcode"": ""51208""}]}"
1810,"{""preferences"": {""newsletter"": true, ""categories"": [""Beauty""]}, ""devices"": [{""type"": ""android"", ""last_seen"": ""2026-01-09""}, {""type"": ""ios"", ""last_seen"": ""2025-11-02""}], ""addresses"": [{""label"": ""office"", ""postcode"": ""48906""}]}"
1811,{}
1812,"{""marketing"": {""campaign"": ""refer-a-friend"", ""ab_bucket"": ""B""}}"
1813,"{""preferences"": {""newsletter"": true, ""categories"": [""Sports"", ""Home & Living"", ""Fashion""]}, ""devices"": [{""type"": ""web"", ""last_seen"": ""2025-11-12""}, {""type"": ""web"", ""last_seen"": ""2025-11-22""}], ""marketing"": {""campaign"": ""1111-early-access"", ""ab_bucket"": ""B""}}"
1814,{}
1815,"{""preferences"": {""newsletter"": false, ""categories"": [""Home & Living""]}}"
1816,"{""preferences"": {""newsletter"": true, ""categories"": [""Electronics""]}}"
1817,"{""preferences"": {""newsletter"": false, ""categories"": [""Toys"", ""Beauty"", ""Fashion""]}}"
1818,"{""preferences"": {""newsletter"": false, ""categories"": [""Toys"", ""Sports""]}, ""marketing"": {""campaign"": ""1111-early-access"", ""ab_bucket"": ""B""}}"
1819,"{""devices"": [{""type"": ""web"", ""last_seen"": ""2025-12-15""}]}"
1820,{}
1821,"{""preferences"": {""newsletter"": false, ""categories"": [""Electronics"", ""Toys""]}, ""addresses"": [{""label"": ""office"", ""postcode"": ""44024""}, {""label"": ""parents"", ""postcode"": ""36769""}]}"
1822,"{""preferences"": {""newsletter"": true, ""categories"": [""Books"", ""Sports"", ""Groceries""]}}"
1823,"{""preferences"": {""newsletter"": true, ""categories"": [""Electronics"", ""Beauty"", ""Toys""]}, ""devices"": [{""type"": ""web"", ""last_seen"": ""2025-10-12""}]}"
1824,"{""preferences"": {""newsletter"": false, ""categories"": [""Fashion"", ""Groceries""]}, ""marketing"": {""campaign"": ""app-install"", ""ab_bucket"": ""A""}, ""addresses"": [{""label"": ""parents"", ""postcode"": ""43600""}]}"
1825,"{""preferences"": {""newsletter"": false, ""categories"": [""Sports"", ""Home & Living"", ""Electronics""]}, ""addresses"": [{""label"": ""office"", ""postcode"": ""40586""}]}"
1826,"{""marketing"": {""campaign"": ""1111-early-access"", ""ab_bucket"": ""B""}}"
1827,"{""preferences"": {""newsletter"": false, ""categories"": [""Groceries"", ""Books"", ""Toys""]}}"
1828,"{""preferences"": {""newsletter"": false, ""categories"": [""Home & Living"", ""Groceries"", ""Fashion""]}, ""marketing"": {""campaign"": ""app-install"", ""ab_bucket"": ""A""}}"
1829,{}
1830,"{""preferences"": {""newsletter"": true, ""categories"": [""Beauty"", ""Books""]}}"
1831,"{""preferences"": {""newsletter"": true, ""categories"": [""Toys"", ""Sports""]}}"
1832,"{""preferences"": {""newsletter"": false, ""categories"": [""Groceries"", ""Toys"", ""Fashion""]}, ""addresses"": [{""label"": ""parents"", ""postcode"": ""91109""}]}"
1833,"{""devices"": [{""type"": ""web"", ""last_seen"": ""2026-05-12""}, {""type"": ""android"", ""last_seen"": ""2025-11-27""}]}"
1834,"{""preferences"": {""newsletter"": false, ""categories"": [""Home & Living"", ""Electronics""]}, ""addresses"": [{""label"": ""home"", ""postcode"": ""52897""}]}"
1835,"{""preferences"": {""newsletter"": false, ""categories"": [""Beauty"", ""Home & Living"", ""Toys""]}}"
1836,"{""preferences"": {""newsletter"": true, ""categories"": [""Electronics"", ""Home & Living"", ""Books""]}, ""marketing"": {""campaign"": ""refer-a-friend"", ""ab_bucket"": ""A""}, ""addresses"": [{""label"": ""home"", ""postcode"": ""41720""}, {""label"": ""office"", ""postcode"": ""59116""}]}"
1837,"{""preferences"": {""newsletter"": true, ""categories"": [""Toys""]}, ""devices"": [{""type"": ""android"", ""last_seen"": ""2025-10-21""}]}"
1838,"{""preferences"": {""newsletter"": true, ""categories"": [""Beauty"", ""Books""]}, ""addresses"": [{""label"": ""home"", ""postcode"": ""88551""}]}"
1839,"{""marketing"": {""campaign"": ""app-install"", ""ab_bucket"": ""B""}}"
1840,{}
1841,"{""preferences"": {""newsletter"": true, ""categories"": [""Groceries""]}, ""devices"": [{""type"": ""ios"", ""last_seen"": ""2026-08-07""}, {""type"": ""android"", ""last_seen"": ""2026-04-22""}]}"
1842,"{""preferences"": {""newsletter"": true, ""categories"": [""Fashion"", ""Toys""]}}"
1843,"{""preferences"": {""newsletter"": false, ""categories"": [""Sports"", ""Electronics""]}, ""addresses"": [{""label"": ""parents"", ""postcode"": ""23147""}]}"
1844,{}
1845,"{""preferences"": {""newsletter"": true, ""categories"": [""Toys""]}, ""devices"": [{""type"": ""web"", ""last_seen"": ""2026-09-28""}, {""type"": ""ios"", ""last_seen"": ""2026-08-23""}], ""addresses"": [{""label"": ""parents"", ""postcode"": ""96146""}, {""label"": ""office"", ""postcode"": ""74569""}]}"
1846,{}
1847,"{""preferences"": {""newsletter"": true, ""categories"": [""Books"", ""Beauty"", ""Electronics""]}, ""addresses"": [{""label"": ""parents"", ""postcode"": ""70600""}, {""label"": ""office"", ""postcode"": ""69618""}]}"
1848,"{""devices"": [{""type"": ""ios"", ""last_seen"": ""2025-12-28""}, {""type"": ""android"", ""last_seen"": ""2026-04-06""}]}"
1849,"{""preferences"": {""newsletter"": true, ""categories"": [""Toys"", ""Books""]}, ""devices"": [{""type"": ""web"", ""last_seen"": ""2026-09-06""}], ""addresses"": [{""label"": ""parents"", ""postcode"": ""58066""}]}"
1850,{}
1851,"{""preferences"": {""newsletter"": false, ""categories"": [""Sports"", ""Toys"", ""Groceries""]}, ""devices"": [{""type"": ""android"", ""last_seen"": ""2025-12-25""}], ""marketing"": {""campaign"": ""app-install"", ""ab_bucket"": ""B""}}"
1852,"{""addresses"": [{""label"": ""parents"", ""postcode"": ""42185""}, {""label"": ""office"", ""postcode"": ""48121""}]}"
1853,"{""preferences"": {""newsletter"": true, ""categories"": [""Toys"", ""Books""]}, ""marketing"": {""campaign"": ""refer-a-friend"", ""ab_bucket"": ""A""}, ""addresses"": [{""label"": ""home"", ""postcode"": ""20201""}, {""label"": ""parents"", ""postcode"": ""70308""}]}"
1854,"{""preferences"": {""newsletter"": true, ""categories"": [""Books"", ""Sports""]}, ""addresses"": [{""label"": ""parents"", ""postcode"": ""79337""}, {""label"": ""home"", ""postcode"": ""50973""}]}"
1855,{}
1856,"{""marketing"": {""campaign"": ""app-install"", ""ab_bucket"": ""B""}}"
1857,"{""preferences"": {""newsletter"": true, ""categories"": [""Beauty""]}, ""devices"": [{""type"": ""ios"", ""last_seen"": ""2026-01-08""}, {""type"": ""web"", ""last_seen"": ""2025-10-04""}], ""marketing"": {""campaign"": ""1111-early-access"", ""ab_bucket"": ""A""}}"
1858,"{""preferences"": {""newsletter"": false, ""categories"": [""Toys""]}}"
1859,"{""preferences"": {""newsletter"": false, ""categories"": [""Electronics"", ""Toys"", ""Books""]}, ""addresses"": [{""label"": ""parents"", ""postcode"": ""57809""}, {""label"": ""office"", ""postcode"": ""83494""}]}"
1860,"{""preferences"": {""newsletter"": false, ""categories"": [""Groceries"", ""Fashion"", ""Toys""]}, ""addresses"": [{""label"": ""home"", ""postcode"": ""76398""}]}"
1861,"{""preferences"": {""newsletter"": true, ""categories"": [""Home & Living""]}, ""devices"": [{""type"": ""android"", ""last_seen"": ""2025-12-21""}], ""addresses"": [{""label"": ""parents"", ""postcode"": ""74124""}]}"
1862,{}
1863,"{""devices"": [{""type"": ""android"", ""last_seen"": ""2026-02-24""}, {""type"": ""ios"", ""last_seen"": ""2025-11-26""}]}"
1864,"{""preferences"": {""newsletter"": false, ""categories"": [""Electronics""]}, ""marketing"": {""campaign"": ""1111-early-access"", ""ab_bucket"": ""A""}}"
1865,"{""preferences"": {""newsletter"": false, ""categories"": [""Books"", ""Electronics""]}, ""devices"": [{""type"": ""ios"", ""last_seen"": ""2025-10-15""}], ""addresses"": [{""label"": ""home"", ""postcode"": ""41841""}]}"
1866,"{""preferences"": {""newsletter"": true, ""categories"": [""Electronics"", ""Fashion""]}, ""devices"": [{""type"": ""android"", ""last_seen"": ""2026-02-27""}, {""type"": ""android"", ""last_seen"": ""2026-06-05""}], ""marketing"": {""campaign"": ""app-install"", ""ab_bucket"": ""A""}}"
1867,"{""preferences"": {""newsletter"": true, ""categories"": [""Toys"", ""Electronics"", ""Beauty""]}}"
1868,"{""preferences"": {""newsletter"": false, ""categories"": [""Electronics"", ""Toys""]}, ""devices"": [{""type"": ""web"", ""last_seen"": ""2026-01-22""}, {""type"": ""ios"", ""last_seen"": ""2026-01-24""}]}"
1869,"{""preferences"": {""newsletter"": true, ""categories"": [""Fashion"", ""Beauty"", ""Electronics""]}, ""devices"": [{""type"": ""web"", ""last_seen"": ""2026-09-15""}], ""marketing"": {""campaign"": ""refer-a-friend"", ""ab_bucket"": ""A""}}"
1870,"{""preferences"": {""newsletter"": false, ""categories"": [""Books""]}, ""marketing"": {""campaign"": ""1111-early-access"", ""ab_bucket"": ""B""}}"
1871,"{""marketing"": {""campaign"": ""refer-a-friend"", ""ab_bucket"": ""A""}, ""addresses"": [{""label"": ""parents"", ""postcode"": ""62163""}]}"
1872,"{""preferences"": {""newsletter"": true, ""categories"": [""Electronics"", ""Sports""]}}"
1873,"{""devices"": [{""type"": ""web"", ""last_seen"": ""2026-03-02""}], ""marketing"": {""campaign"": ""app-install"", ""ab_bucket"": ""A""}, ""addresses"": [{""label"": ""office"", ""postcode"": ""52765""}, {""label"": ""home"", ""postcode"": ""21070""}]}"
1874,"{""preferences"": {""newsletter"": true, ""categories"": [""Home & Living""]}}"
1875,"{""preferences"": {""newsletter"": false, ""categories"": [""Books"", ""Sports"", ""Groceries""]}, ""devices"": [{""type"": ""android"", ""last_seen"": ""2026-08-05""}]}"
1876,"{""preferences"": {""newsletter"": true, ""categories"": [""Sports""]}, ""devices"": [{""type"": ""web"", ""last_seen"": ""2026-04-14""}, {""type"": ""ios"", ""last_seen"": ""2026-03-18""}], ""marketing"": {""campaign"": ""refer-a-friend"", ""ab_bucket"": ""B""}}"
1877,"{""preferences"": {""newsletter"": true, ""categories"": [""Books"", ""Groceries"", ""Beauty""]}}"
1878,{}
1879,"{""devices"": [{""type"": ""ios"", ""last_seen"": ""2026-02-13""}]}"
1880,"{""devices"": [{""type"": ""ios"", ""last_seen"": ""2025-10-01""}, {""type"": ""android"", ""last_seen"": ""2026-07-05""}]}"
1881,"{""preferences"": {""newsletter"": true, ""categories"": [""Toys""]}, ""devices"": [{""type"": ""android"", ""last_seen"": ""2025-12-23""}, {""type"": ""android"", ""last_seen"": ""2025-10-27""}]}"
1882,"{""preferences"": {""newsletter"": true, ""categories"": [""Electronics""]}}"
1883,"{""preferences"": {""newsletter"": false, ""categories"": [""Home & Living"", ""Fashion""]}, ""devices"": [{""type"": ""android"", ""last_seen"": ""2026-06-17""}]}"
1884,"{""devices"": [{""type"": ""web"", ""last_seen"": ""2026-05-02""}, {""type"": ""ios"", ""last_seen"": ""2026-05-11""}]}"
1885,"{""preferences"": {""newsletter"": true, ""categories"": [""Groceries""]}}"
1886,"{""devices"": [{""type"": ""ios"", ""last_seen"": ""2026-04-11""}, {""type"": ""ios"", ""last_seen"": ""2026-06-12""}], ""addresses"": [{""label"": ""home"", ""postcode"": ""17231""}, {""label"": ""parents"", ""postcode"": ""67383""}]}"
1887,"{""preferences"": {""newsletter"": false, ""categories"": [""Groceries""]}}"
1888,"{""preferences"": {""newsletter"": false, ""categories"": [""Beauty""]}, ""devices"": [{""type"": ""ios"", ""last_seen"": ""2026-04-24""}, {""type"": ""web"", ""last_seen"": ""2025-10-15""}]}"
1889,"{""preferences"": {""newsletter"": false, ""categories"": [""Home & Living"", ""Fashion"", ""Books""]}, ""addresses"": [{""label"": ""parents"", ""postcode"": ""50045""}]}"
1890,"{""preferences"": {""newsletter"": false, ""categories"": [""Sports"", ""Books""]}, ""addresses"": [{""label"": ""office"", ""postcode"": ""23976""}, {""label"": ""home"", ""postcode"": ""25263""}]}"
1891,"{""preferences"": {""newsletter"": true, ""categories"": [""Home & Living"", ""Sports""]}}"
1892,"{""preferences"": {""newsletter"": false, ""categories"": [""Books"", ""Sports""]}, ""devices"": [{""type"": ""ios"", ""last_seen"": ""2026-01-26""}]}"
1893,"{""addresses"": [{""label"": ""office"", ""postcode"": ""87577""}, {""label"": ""home"", ""postcode"": ""85587""}]}"
1894,"{""preferences"": {""newsletter"": false, ""categories"": [""Beauty"", ""Groceries""]}, ""marketing"": {""campaign"": ""1111-early-access"", ""ab_bucket"": ""B""}}"
1895,"{""preferences"": {""newsletter"": true, ""categories"": [""Groceries""]}, ""devices"": [{""type"": ""ios"", ""last_seen"": ""2026-07-05""}], ""addresses"": [{""label"": ""home"", ""postcode"": ""52491""}]}"
1896,"{""preferences"": {""newsletter"": false, ""categories"": [""Home & Living""]}, ""addresses"": [{""label"": ""office"", ""postcode"": ""58047""}, {""label"": ""parents"", ""postcode"": ""45597""}]}"
1897,"{""preferences"": {""newsletter"": true, ""categories"": [""Groceries"", ""Beauty""]}, ""devices"": [{""type"": ""android"", ""last_seen"": ""2026-08-29""}, {""type"": ""web"", ""last_seen"": ""2025-10-10""}]}"
1898,"{""preferences"": {""newsletter"": false, ""categories"": [""Electronics"", ""Beauty""]}, ""addresses"": [{""label"": ""home"", ""postcode"": ""11755""}]}"
1899,"{""preferences"": {""newsletter"": true, ""categories"": [""Electronics"", ""Beauty"", ""Books""]}, ""addresses"": [{""label"": ""home"", ""postcode"": ""27639""}]}"
1900,"{""addresses"": [{""label"": ""parents"", ""postcode"": ""24006""}]}"
1901,"{""preferences"": {""newsletter"": true, ""categories"": [""Toys""]}, ""devices"": [{""type"": ""ios"", ""last_seen"": ""2025-12-01""}], ""addresses"": [{""label"": ""home"", ""postcode"": ""39732""}, {""label"": ""parents"", ""postcode"": ""29581""}]}"
1902,"{""preferences"": {""newsletter"": true, ""categories"": [""Home & Living"", ""Sports""]}}"
1903,"{""preferences"": {""newsletter"": false, ""categories"": [""Fashion"", ""Home & Living""]}}"
1904,"{""addresses"": [{""label"": ""home"", ""postcode"": ""30768""}, {""label"": ""office"", ""postcode"": ""60525""}]}"
1905,"{""preferences"": {""newsletter"": true, ""categories"": [""Books"", ""Toys"", ""Beauty""]}, ""devices"": [{""type"": ""web"", ""last_seen"": ""2026-05-25""}, {""type"": ""android"", ""last_seen"": ""2025-12-27""}], ""addresses"": [{""label"": ""parents"", ""postcode"": ""50070""}]}"
1906,"{""preferences"": {""newsletter"": true, ""categories"": [""Toys"", ""Beauty""]}, ""devices"": [{""type"": ""web"", ""last_seen"": ""2026-03-07""}, {""type"": ""ios"", ""last_seen"": ""2026-06-23""}]}"
1907,"{""preferences"": {""newsletter"": false, ""categories"": [""Sports""]}, ""devices"": [{""type"": ""web"", ""last_seen"": ""2026-05-03""}, {""type"": ""ios"", ""last_seen"": ""2026-08-17""}], ""marketing"": {""campaign"": ""1111-early-access"", ""ab_bucket"": ""B""}, ""addresses"": [{""label"": ""office"", ""postcode"": ""56443""}]}"
1908,"{""preferences"": {""newsletter"": false, ""categories"": [""Home & Living"", ""Fashion"", ""Books""]}, ""devices"": [{""type"": ""ios"", ""last_seen"": ""2026-01-22""}]}"
1909,"{""preferences"": {""newsletter"": true, ""categories"": [""Toys""]}, ""devices"": [{""type"": ""ios"", ""last_seen"": ""2026-09-29""}], ""marketing"": {""campaign"": ""refer-a-friend"", ""ab_bucket"": ""A""}}"
1910,"{""preferences"": {""newsletter"": false, ""categories"": [""Electronics""]}, ""addresses"": [{""label"": ""home"", ""postcode"": ""53248""}]}"
1911,"{""preferences"": {""newsletter"": false, ""categories"": [""Beauty"", ""Groceries"", ""Toys""]}}"
1912,"{""preferences"": {""newsletter"": false, ""categories"": [""Home & Living""]}}"
1913,"{""preferences"": {""newsletter"": false, ""categories"": [""Electronics""]}}"
1914,"{""preferences"": {""newsletter"": true, ""categories"": [""Toys"", ""Home & Living"", ""Groceries""]}, ""marketing"": {""campaign"": ""refer-a-friend"", ""ab_bucket"": ""A""}}"
1915,{}
1916,"{""preferences"": {""newsletter"": true, ""categories"": [""Sports""]}, ""devices"": [{""type"": ""web"", ""last_seen"": ""2026-09-09""}], ""addresses"": [{""label"": ""home"", ""postcode"": ""83129""}, {""label"": ""office"", ""postcode"": ""39154""}]}"
1917,"{""preferences"": {""newsletter"": true, ""categories"": [""Books""]}, ""devices"": [{""type"": ""ios"", ""last_seen"": ""2026-08-19""}, {""type"": ""web"", ""last_seen"": ""2026-01-15""}], ""marketing"": {""campaign"": ""1111-early-access"", ""ab_bucket"": ""B""}, ""addresses"": [{""label"": ""home"", ""postcode"": ""48419""}]}"
1918,"{""preferences"": {""newsletter"": false, ""categories"": [""Electronics""]}, ""devices"": [{""type"": ""ios"", ""last_seen"": ""2026-03-15""}, {""type"": ""ios"", ""last_seen"": ""2026-04-23""}], ""marketing"": {""campaign"": ""1111-early-access"", ""ab_bucket"": ""A""}, ""addresses"": [{""label"": ""office"", ""postcode"": ""21766""}]}"
1919,"{""devices"": [{""type"": ""android"", ""last_seen"": ""2025-12-17""}], ""marketing"": {""campaign"": ""app-install"", ""ab_bucket"": ""B""}}"
1920,"{""preferences"": {""newsletter"": true, ""categories"": [""Beauty"", ""Sports""]}, ""marketing"": {""campaign"": ""refer-a-friend"", ""ab_bucket"": ""A""}}"
1921,{}
1922,"{""preferences"": {""newsletter"": false, ""categories"": [""Books"", ""Electronics""]}}"
1923,"{""preferences"": {""newsletter"": false, ""categories"": [""Groceries""]}, ""devices"": [{""type"": ""web"", ""last_seen"": ""2026-09-08""}]}"
1924,"{""preferences"": {""newsletter"": true, ""categories"": [""Toys""]}, ""devices"": [{""type"": ""ios"", ""last_seen"": ""2026-03-10""}]}"
1925,"{""preferences"": {""newsletter"": true, ""categories"": [""Groceries""]}, ""devices"": [{""type"": ""web"", ""last_seen"": ""2026-07-31""}], ""marketing"": {""campaign"": ""1111-early-access"", ""ab_bucket"": ""A""}}"
1926,"{""preferences"": {""newsletter"": true, ""categories"": [""Fashion"", ""Sports"", ""Groceries""]}, ""devices"": [{""type"": ""android"", ""last_seen"": ""2026-09-02""}, {""type"": ""ios"", ""last_seen"": ""2026-04-16""}]}"
1927,"{""preferences"": {""newsletter"": false, ""categories"": [""Groceries"", ""Sports""]}, ""devices"": [{""type"": ""web"", ""last_seen"": ""2025-10-19""}, {""type"": ""web"", ""last_seen"": ""2026-07-30""}]}"
1928,"{""preferences"": {""newsletter"": true, ""categories"": [""Books""]}, ""devices"": [{""type"": ""web"", ""last_seen"": ""2026-08-23""}], ""addresses"": [{""label"": ""office"", ""postcode"": ""92873""}, {""label"": ""home"", ""postcode"": ""35317""}]}"
1929,"{""marketing"": {""campaign"": ""app-install"", ""ab_bucket"": ""A""}, ""addresses"": [{""label"": ""parents"", ""postcode"": ""78213""}, {""label"": ""office"", ""postcode"": ""88435""}]}"
1930,"{""marketing"": {""campaign"": ""refer-a-friend"", ""ab_bucket"": ""A""}, ""addresses"": [{""label"": ""office"", ""postcode"": ""66987""}, {""label"": ""home"", ""postcode"": ""59665""}]}"
1931,"{""preferences"": {""newsletter"": true, ""categories"": [""Fashion""]}, ""addresses"": [{""label"": ""office"", ""postcode"": ""49802""}, {""label"": ""home"", ""postcode"": ""42629""}]}"
1932,"{""preferences"": {""newsletter"": true, ""categories"": [""Electronics"", ""Fashion"", ""Home & Living""]}}"
1933,"{""preferences"": {""newsletter"": false, ""categories"": [""Groceries""]}, ""addresses"": [{""label"": ""office"", ""postcode"": ""24120""}]}"
1934,"{""preferences"": {""newsletter"": false, ""categories"": [""Toys""]}, ""addresses"": [{""label"": ""office"", ""postcode"": ""48769""}]}"
1935,"{""preferences"": {""newsletter"": false, ""categories"": [""Books""]}}"
1936,"{""marketing"": {""campaign"": ""1111-early-access"", ""ab_bucket"": ""A""}, ""addresses"": [{""label"": ""office"", ""postcode"": ""39281""}]}"
1937,"{""preferences"": {""newsletter"": false, ""categories"": [""Fashion"", ""Beauty""]}}"
1938,"{""preferences"": {""newsletter"": true, ""categories"": [""Groceries"", ""Fashion"", ""Books""]}, ""devices"": [{""type"": ""android"", ""last_seen"": ""2026-08-20""}, {""type"": ""android"", ""last_seen"": ""2025-10-29""}], ""marketing"": {""campaign"": ""1111-early-access"", ""ab_bucket"": ""A""}, ""addresses"": [{""label"": ""office"", ""postcode"": ""15105""}]}"
1939,"{""devices"": [{""type"": ""web"", ""last_seen"": ""2026-04-07""}]}"
1940,"{""preferences"": {""newsletter"": false, ""categories"": [""Fashion"", ""Beauty""]}, ""marketing"": {""campaign"": ""app-install"", ""ab_bucket"": ""A""}}"
1941,"{""preferences"": {""newsletter"": false, ""categories"": [""Groceries"", ""Books"", ""Fashion""]}}"
1942,"{""preferences"": {""newsletter"": true, ""categories"": [""Home & Living""]}, ""devices"": [{""type"": ""web"", ""last_seen"": ""2026-07-12""}, {""type"": ""ios"", ""last_seen"": ""2026-02-06""}]}"
1943,"{""preferences"": {""newsletter"": true, ""categories"": [""Fashion""]}, ""marketing"": {""campaign"": ""1111-early-access"", ""ab_bucket"": ""B""}}"
1944,"{""preferences"": {""newsletter"": true, ""categories"": [""Groceries"", ""Electronics"", ""Beauty""]}, ""devices"": [{""type"": ""android"", ""last_seen"": ""2025-11-17""}, {""type"": ""web"", ""last_seen"": ""2026-07-18""}], ""addresses"": [{""label"": ""parents"", ""postcode"": ""90692""}]}"
1945,"{""preferences"": {""newsletter"": true, ""categories"": [""Books"", ""Beauty""]}, ""addresses"": [{""label"": ""home"", ""postcode"": ""38894""}]}"
1946,"{""preferences"": {""newsletter"": false, ""categories"": [""Fashion"", ""Home & Living"", ""Electronics""]}, ""addresses"": [{""label"": ""home"", ""postcode"": ""51269""}]}"
1947,"{""preferences"": {""newsletter"": false, ""categories"": [""Electronics"", ""Sports""]}}"
1948,"{""preferences"": {""newsletter"": true, ""categories"": [""Sports""]}}"
1949,"{""preferences"": {""newsletter"": true, ""categories"": [""Electronics"", ""Beauty""]}, ""marketing"": {""campaign"": ""1111-early-access"", ""ab_bucket"": ""B""}, ""addresses"": [{""label"": ""home"", ""postcode"": ""42365""}, {""label"": ""parents"", ""postcode"": ""89751""}]}"
1950,"{""preferences"": {""newsletter"": true, ""categories"": [""Groceries"", ""Home & Living"", ""Electronics""]}, ""devices"": [{""type"": ""ios"", ""last_seen"": ""2026-01-23""}, {""type"": ""ios"", ""last_seen"": ""2026-05-07""}]}"
1951,"{""devices"": [{""type"": ""ios"", ""last_seen"": ""2025-10-14""}]}"
1952,"{""preferences"": {""newsletter"": true, ""categories"": [""Electronics"", ""Books""]}, ""devices"": [{""type"": ""web"", ""last_seen"": ""2026-04-23""}, {""type"": ""android"", ""last_seen"": ""2026-08-03""}]}"
1953,"{""preferences"": {""newsletter"": true, ""categories"": [""Beauty""]}, ""marketing"": {""campaign"": ""1111-early-access"", ""ab_bucket"": ""B""}}"
1954,"{""preferences"": {""newsletter"": true, ""categories"": [""Sports"", ""Books"", ""Fashion""]}}"
1955,"{""preferences"": {""newsletter"": false, ""categories"": [""Electronics""]}, ""devices"": [{""type"": ""ios"", ""last_seen"": ""2025-11-17""}], ""addresses"": [{""label"": ""office"", ""postcode"": ""68686""}, {""label"": ""parents"", ""postcode"": ""46610""}]}"
1956,{}
1957,"{""preferences"": {""newsletter"": true, ""categories"": [""Toys""]}, ""devices"": [{""type"": ""ios"", ""last_seen"": ""2026-03-09""}]}"
1958,"{""preferences"": {""newsletter"": true, ""categories"": [""Books"", ""Toys"", ""Beauty""]}, ""devices"": [{""type"": ""ios"", ""last_seen"": ""2026-07-18""}, {""type"": ""android"", ""last_seen"": ""2026-05-07""}], ""addresses"": [{""label"": ""parents"", ""postcode"": ""35700""}, {""label"": ""home"", ""postcode"": ""83420""}]}"
1959,"{""preferences"": {""newsletter"": false, ""categories"": [""Groceries"", ""Sports"", ""Beauty""]}, ""addresses"": [{""label"": ""office"", ""postcode"": ""85563""}]}"
1960,{}
1961,"{""preferences"": {""newsletter"": false, ""categories"": [""Home & Living"", ""Books""]}, ""devices"": [{""type"": ""android"", ""last_seen"": ""2026-02-12""}]}"
1962,"{""preferences"": {""newsletter"": false, ""categories"": [""Toys"", ""Beauty""]}, ""devices"": [{""type"": ""web"", ""last_seen"": ""2026-01-30""}], ""addresses"": [{""label"": ""parents"", ""postcode"": ""80910""}]}"
1963,"{""preferences"": {""newsletter"": false, ""categories"": [""Electronics"", ""Home & Living"", ""Books""]}, ""marketing"": {""campaign"": ""1111-early-access"", ""ab_bucket"": ""A""}, ""addresses"": [{""label"": ""home"", ""postcode"": ""97454""}]}"
1964,"{""preferences"": {""newsletter"": false, ""categories"": [""Sports""]}}"
1965,"{""preferences"": {""newsletter"": false, ""categories"": [""Home & Living"", ""Toys"", ""Fashion""]}}"
1966,{}
1967,"{""preferences"": {""newsletter"": true, ""categories"": [""Beauty"", ""Toys""]}}"
1968,"{""marketing"": {""campaign"": ""1111-early-access"", ""ab_bucket"": ""A""}}"
1969,"{""preferences"": {""newsletter"": true, ""categories"": [""Beauty"", ""Groceries"", ""Electronics""]}, ""devices"": [{""type"": ""android"", ""last_seen"": ""2025-11-29""}, {""type"": ""web"", ""last_seen"": ""2026-08-18""}], ""addresses"": [{""label"": ""office"", ""postcode"": ""92008""}]}"
1970,"{""devices"": [{""type"": ""web"", ""last_seen"": ""2026-07-20""}]}"
1971,"{""preferences"": {""newsletter"": true, ""categories"": [""Fashion"", ""Books""]}, ""devices"": [{""type"": ""android"", ""last_seen"": ""2026-07-26""}]}"
1972,"{""addresses"": [{""label"": ""home"", ""postcode"": ""81057""}, {""label"": ""office"", ""postcode"": ""67017""}]}"
1973,"{""devices"": [{""type"": ""android"", ""last_seen"": ""2025-10-13""}, {""type"": ""web"", ""last_seen"": ""2026-09-28""}], ""addresses"": [{""label"": ""office"", ""postcode"": ""53770""}, {""label"": ""home"", ""postcode"": ""51584""}]}"
1974,"{""preferences"": {""newsletter"": true, ""categories"": [""Books""]}, ""addresses"": [{""label"": ""parents"", ""postcode"": ""29915""}, {""label"": ""home"", ""postcode"": ""12072""}]}"
1975,"{""preferences"": {""newsletter"": true, ""categories"": [""Groceries"", ""Beauty"", ""Toys""]}, ""devices"": [{""type"": ""ios"", ""last_seen"": ""2026-03-15""}], ""addresses"": [{""label"": ""home"", ""postcode"": ""91590""}]}"
1976,"{""preferences"": {""newsletter"": true, ""categories"": [""Beauty"", ""Sports""]}}"
1977,"{""preferences"": {""newsletter"": true, ""categories"": [""Fashion"", ""Electronics"", ""Groceries""]}, ""marketing"": {""campaign"": ""refer-a-friend"", ""ab_bucket"": ""B""}, ""addresses"": [{""label"": ""home"", ""postcode"": ""61504""}, {""label"": ""office"", ""postcode"": ""95581""}]}"
1978,"{""preferences"": {""newsletter"": false, ""categories"": [""Beauty""]}, ""devices"": [{""type"": ""web"", ""last_seen"": ""2025-10-22""}]}"
1979,"{""preferences"": {""newsletter"": false, ""categories"": [""Home & Living"", ""Sports"", ""Beauty""]}, ""devices"": [{""type"": ""ios"", ""last_seen"": ""2025-10-21""}]}"
1980,"{""preferences"": {""newsletter"": true, ""categories"": [""Toys"", ""Fashion""]}, ""devices"": [{""type"": ""ios"", ""last_seen"": ""2025-10-04""}, {""type"": ""ios"", ""last_seen"": ""2026-08-12""}], ""addresses"": [{""label"": ""home"", ""postcode"": ""43211""}, {""label"": ""office"", ""postcode"": ""98266""}]}"
1981,"{""devices"": [{""type"": ""android"", ""last_seen"": ""2025-11-03""}, {""type"": ""ios"", ""last_seen"": ""2026-08-16""}], ""addresses"": [{""label"": ""home"", ""postcode"": ""12401""}, {""label"": ""parents"", ""postcode"": ""57635""}]}"
1982,"{""preferences"": {""newsletter"": true, ""categories"": [""Home & Living"", ""Fashion""]}, ""marketing"": {""campaign"": ""refer-a-friend"", ""ab_bucket"": ""A""}}"
1983,"{""preferences"": {""newsletter"": true, ""categories"": [""Sports""]}}"
1984,"{""devices"": [{""type"": ""web"", ""last_seen"": ""2025-11-27""}]}"
1985,"{""addresses"": [{""label"": ""home"", ""postcode"": ""43323""}]}"
1986,"{""preferences"": {""newsletter"": true, ""categories"": [""Electronics"", ""Books""]}}"
1987,"{""preferences"": {""newsletter"": true, ""categories"": [""Home & Living"", ""Sports""]}, ""devices"": [{""type"": ""android"", ""last_seen"": ""2025-11-19""}], ""marketing"": {""campaign"": ""1111-early-access"", ""ab_bucket"": ""B""}}"
1988,"{""preferences"": {""newsletter"": false, ""categories"": [""Fashion""]}, ""devices"": [{""type"": ""web"", ""last_seen"": ""2026-03-19""}]}"
1989,"{""preferences"": {""newsletter"": false, ""categories"": [""Books""]}, ""addresses"": [{""label"": ""parents"", ""postcode"": ""50116""}, {""label"": ""home"", ""postcode"": ""75135""}]}"
1990,"{""preferences"": {""newsletter"": false, ""categories"": [""Fashion""]}}"
1991,"{""preferences"": {""newsletter"": false, ""categories"": [""Electronics"", ""Fashion""]}, ""devices"": [{""type"": ""android"", ""last_seen"": ""2026-06-30""}, {""type"": ""web"", ""last_seen"": ""2025-10-10""}], ""addresses"": [{""label"": ""parents"", ""postcode"": ""87726""}, {""label"": ""home"", ""postcode"": ""71720""}]}"
1992,"{""preferences"": {""newsletter"": false, ""categories"": [""Beauty""]}, ""devices"": [{""type"": ""web"", ""last_seen"": ""2026-03-01""}, {""type"": ""web"", ""last_seen"": ""2026-04-05""}], ""addresses"": [{""label"": ""parents"", ""postcode"": ""83863""}, {""label"": ""office"", ""postcode"": ""63315""}]}"
1993,"{""preferences"": {""newsletter"": false, ""categories"": [""Beauty"", ""Electronics""]}}"
1994,"{""preferences"": {""newsletter"": false, ""categories"": [""Toys""]}}"
1995,"{""preferences"": {""newsletter"": false, ""categories"": [""Groceries""]}}"
1996,"{""preferences"": {""newsletter"": false, ""categories"": [""Beauty"", ""Electronics"", ""Toys""]}}"
1997,"{""preferences"": {""newsletter"": false, ""categories"": [""Home & Living"", ""Beauty"", ""Electronics""]}}"
1998,"{""addresses"": [{""label"": ""parents"", ""postcode"": ""77178""}, {""label"": ""office"", ""postcode"": ""95453""}]}"
1999,"{""preferences"": {""newsletter"": false, ""categories"": [""Electronics""]}}"
2000,"{""addresses"": [{""label"": ""office"", ""postcode"": ""24459""}, {""label"": ""parents"", ""postcode"": ""15664""}]}"
